date,time,username,tweet,link,likes,retweets,replies,mentions,hashtags
2018-10-16,22:38:06,GoTracz,"Nie chcÄ™, by WrocÅ‚aw byÅ‚ europejski z nazwy, tylko z dziaÅ‚aÅ„. ChcÄ™, Å¼eby dziaÅ‚aniami WrocÅ‚aw zasÅ‚uÅ¼yÅ‚ na tytuÅ‚ Zielonej Stolicy Europy! ğŸ’šğŸ¤—W poniedziaÅ‚ek zacznie siÄ™ nowy rozdziaÅ‚ w historii WrocÅ‚awia, a ja bym chciaÅ‚a, Å¼eby ten rozdziaÅ‚ siÄ™ zaczÄ…Å‚ z nowymi ludÅºmi #debataWrocÅ‚aw pic.twitter.com/imXJzWHyQc",https://twitter.com/GoTracz/status/1052297654867283970,13,4,0,,#debataWrocÅ‚aw
2018-10-16,16:48:37,GoTracz,"Chcemy, aby miasto byÅ‚o w przyszÅ‚oÅ›ci ZielonÄ… StolicÄ… Europy. Aby zasÅ‚uÅ¼yÄ‡ na ten tytuÅ‚, musimy pokonaÄ‡ szereg wyzwaÅ„ w kwestii komunikacji zbiorowej. Wieloletnie oszczÄ™dnoÅ›ci dajÄ… o sobie znaÄ‡ codziennie, na wielu pÅ‚aszczyznach â€“ od infrastruktury, po tabor i braki kadrowe ğŸšŒğŸšŠ pic.twitter.com/nVuSZVcxTa",https://twitter.com/GoTracz/status/1052209706301763584,11,4,0,,
2018-10-16,07:41:56,GoTracz,DzieÅ„ dobry ğŸŒ»Z przyszÅ‚ym radnym miejskim Markiem WÄ…sowskim oraz przyszÅ‚ym radnym sejmikowym Krzysztofem Kubickim rozmawiamy z mieszkaÅ„cami i mieszkankami RÃ³Å¼anki.Udanego wtorku!#ZielonyWrocÅ‚aw #zielonesejmiki #zielonewojewÃ³dztwa #odetchnijPolsko #dobryklimat pic.twitter.com/phS2HP2uoS,https://twitter.com/GoTracz/status/1052072127485095936,15,5,3,,"#ZielonyWrocÅ‚aw,#zielonesejmiki,#zielonewojewÃ³dztwa,#odetchnijPolsko,#dobryklimat"
2018-10-15,16:05:14,GoTracz,"A w niedzielÄ™ czas na PolskÄ™! ğŸ€ğŸŒ»ğŸ’š21 paÅºdziernika gÅ‚osujmy w caÅ‚ej Polsce na listÄ™ nr 3, na Zielonych. Niech zielona fala nie ominie Polski w wyborach do sejmikÃ³w wojewÃ³dzkich i WrocÅ‚awia do Rady Miejskiej. #GreenWave #ZielonaFala #OdetchnijPolsko #ZielonyWrocÅ‚aw #DobryKlimat https://twitter.com/europeangreens/status/1051800984538804224Â â€¦",https://twitter.com/GoTracz/status/1051836400126107649,18,6,0,,"#GreenWave,#ZielonaFala,#OdetchnijPolsko,#ZielonyWrocÅ‚aw,#DobryKlimat"
2018-10-14,19:32:56,GoTracz,Dzisiaj zielonÄ… druÅ¼ynÄ… do Rady Miejskiej WrocÅ‚awia i Sejmiku Woj.DolnoÅ›lÄ…skiego byliÅ›my na Gaju i Hubach ğŸ’šğŸŒ»ğŸ€#zielonyWrocÅ‚aw #dobryKlimat #odetchnijPolsko pic.twitter.com/QIuy9Kspvg,https://twitter.com/GoTracz/status/1051526279231676416,16,6,0,,"#zielonyWrocÅ‚aw,#dobryKlimat,#odetchnijPolsko"
2018-10-13,19:04:06,GoTracz,"LeÅ›nica, Nowy DwÃ³r i mÃ³j OÅ‚bin. W tych miejscach Zielona druÅ¼yna do Rady Miejskiej WrocÅ‚awia i Sejmiku rozmawiaÅ‚a dziÅ› z mieszkaÅ„cami i mieszkankami, o tym, co najwaÅ¼niejsze.#zielonyWrocÅ‚aw #odetchnijPolsko #WyborySamorzÄ…dowe #wybory2018 #dobryklimat #zielonesamorzÄ…dy pic.twitter.com/MyCsviqRpP",https://twitter.com/GoTracz/status/1051156635631214592,12,5,1,,"#zielonyWrocÅ‚aw,#odetchnijPolsko,#WyborySamorzÄ…dowe,#wybory2018,#dobryklimat,#zielonesamorzÄ…dy"
2018-10-13,15:41:52,GoTracz,WrocÅ‚aw - miasto z dobrym klimatem! #dobryklimat #zielonyWrocÅ‚aw #odetchnijPolsko #odetchnijWrocÅ‚awiu pic.twitter.com/e8578Lspw9,https://twitter.com/GoTracz/status/1051105741657001984,17,8,2,,"#dobryklimat,#zielonyWrocÅ‚aw,#odetchnijPolsko,#odetchnijWrocÅ‚awiu"
2018-10-12,15:23:13,GoTracz,"W okrÄ™gu byÅ‚ego woj. jeleniogÃ³rskiego mamy mocnÄ… druÅ¼ynÄ™ do Sejmiku! Osoby w rÃ³Å¼nym wieku, z rÃ³Å¼nych miejsowoÅ›ci: BolesÅ‚awca, Jeleniej GÃ³ry, Zgorzelaca, Lubania, LwÃ³wka, Osiecznicy, o rÃ³Å¼nych priorytetach programowych.DziÅ› rozmawialiÅ›my w terenie w BolesÅ‚awcu.#OdetchnijPolskoğŸ’š pic.twitter.com/24VGp9MKSI",https://twitter.com/GoTracz/status/1050738660931457026,3,1,0,,#OdetchnijPolsko
2018-10-10,21:45:40,GoTracz,"DziÅ› byÅ‚ intensywny, ale i dodajÄ…cy energii dzieÅ„ ğŸ’šğŸŒ±ğŸŒ» Najpierw rozmowy z mieszkaÅ„cami i mieszkankami okolic Pl. Grunwaldzkiego, potem Psiego Pola oraz spotkanie zorganizowane przez RadÄ™ Osiedla Kowale, za zaproszenie na ktÃ³re bardzo dziÄ™kujÄ™. Jutro KozanÃ³w i Lipa Piotrowska. pic.twitter.com/ik9XOf3g5P",https://twitter.com/GoTracz/status/1050110132913356800,13,6,0,,
2018-10-08,17:37:03,GoTracz,"SÅ‚oneczne popoÅ‚udnie na targowisku, ulicach, skwerach i parkach Nadodrza. 3 kobiety, w rÃ³Å¼nym wieku, kandydatka do sejmiku, do Rady Miejskiej i na prezydenta WrocÅ‚awia.#kobietydosamorzÄ…du #zielonyWrocÅ‚aw #dobryklimat pic.twitter.com/SFvejJS6Qh",https://twitter.com/GoTracz/status/1049322788966858753,12,5,1,,"#kobietydosamorzÄ…du,#zielonyWrocÅ‚aw,#dobryklimat"
2018-10-08,17:35:19,GoTracz,"W namiocie Onetu na pl. Solnym.RozmawialiÅ›my o gÅ‚Ã³wnych priorytetach dla WrocÅ‚awia, codziennych rozmowach z ludÅºmi i zachÄ™caliÅ›my, by 21 paÅºdziernika pÃ³jÅ›Ä‡ na wybory i gÅ‚osowaÄ‡ sercem i rozumem na kandydatÃ³w i kandydatki, ktÃ³rzy sÄ… wiarygodni i kompetentni. pic.twitter.com/zRIHvpVO6G",https://twitter.com/GoTracz/status/1049322354894098434,17,6,2,,
2018-10-06,16:04:13,GoTracz,Jeden z moich ulubionych transparentÃ³w na 10 WrocÅ‚awski Marsz RÃ³wnoÅ›ci ğŸ’š pic.twitter.com/0tjYdh0q0x,https://twitter.com/GoTracz/status/1048574652422021121,36,8,1,,
2018-10-06,15:09:22,GoTracz,Zieloni gotowi ma 10. WrocÅ‚awski Marsz RÃ³wnoÅ›ci! â¤ğŸ§¡ğŸ’›ğŸ’šğŸ’™ğŸ’œ pic.twitter.com/jp05bg6swc,https://twitter.com/GoTracz/status/1048560849340829701,40,7,3,,
2018-09-29,20:29:11,GoTracz,W naszej druÅ¼ynie jest siÅ‚a i energia! ğŸ’š pic.twitter.com/PCXhCFgdvg,https://twitter.com/GoTracz/status/1046104618512658433,20,8,1,,
2018-09-28,15:00:07,GoTracz,"WrocÅ‚aw aplikujÄ…c o tytuÅ‚ ZielonÄ… StolicÄ… Europy, powinien wrÄ™cz kreowaÄ‡ modÄ™ na ogrÃ³dki dziaÅ‚kowe. Jest to dobro wspÃ³lne. DziaÅ‚ki peÅ‚niÄ… teÅ¼ bardzo waÅ¼nÄ… funkcjÄ™ spoÅ‚ecznÄ… wÅ›rÃ³d seniorÃ³w, ale nie, tylko. Coraz wiÄ™cej mÅ‚odych ludzi posiada ogrÃ³dki. #ZielonyWrocÅ‚aw #DobryKlimat pic.twitter.com/fynC6tpx1p",https://twitter.com/GoTracz/status/1045659420779253760,17,7,1,,"#ZielonyWrocÅ‚aw,#DobryKlimat"
2018-09-26,11:30:38,GoTracz,"Wczoraj odbyÅ‚a siÄ™ VIII konferencja Eko Wyzwania, na ktÃ³rej mÃ³wiÅ‚am o koniecznych zmianach w polityce miejskiej w kontekÅ›cie adaptacji do zmian klimatu oraz braÄ‡ udziaÅ‚ w dyskusji o ekologicznych wyzwaniach dla miast ğŸŒ»ğŸŒ³ #DobryKlimat #ZielonyWrocÅ‚aw #ZielonyDolnyÅšlÄ…sk pic.twitter.com/jLol8Vf0O7",https://twitter.com/GoTracz/status/1044881926086119424,12,8,0,,"#DobryKlimat,#ZielonyWrocÅ‚aw,#ZielonyDolnyÅšlÄ…sk"
2018-09-25,21:10:07,GoTracz,DziÅ› wspÃ³lnie z europosÅ‚em @bueti oraz kandydatami i kandydatkami do Rady Miejskiej i Sejmiku rozdawaliÅ›my ulotki na Nadodrzu ğŸŒ»ğŸ’šğŸ‘#ZielonyWrocÅ‚aw #ZieloneSejmiki #DobryKlimat pic.twitter.com/ls8ZvMSY8T,https://twitter.com/GoTracz/status/1044665370588712961,17,4,2,bueti,"#ZielonyWrocÅ‚aw,#ZieloneSejmiki,#DobryKlimat"
2018-09-25,20:36:12,GoTracz,Zmiany klimatu i zwiÄ…zane z nimi niebezpieczeÅ„stwa to jedno z najwiÄ™kszych â€“ choÄ‡ nie najbardziej medialnych â€“ wyzwaÅ„ miast i samorzÄ…dÃ³w wojewÃ³dzkich  â€“ mÃ³wiliÅ›my dziÅ› na konferencji we WrocÅ‚awiu z @bueti - szefem @europeangreens  i @ZieloniWro. #DobryKlimat #ZielonyWrocÅ‚aw pic.twitter.com/G5w1ZT2DWs,https://twitter.com/GoTracz/status/1044656835075149827,18,12,0,"bueti,europeangreens,ZieloniWro","#DobryKlimat,#ZielonyWrocÅ‚aw"
2018-09-22,16:29:35,GoTracz,"Na Dolnym ÅšlÄ…sku startujemy z 45 wspaniaÅ‚ymi kandydatkami i 43 kandydatami. Jest to rÃ³Å¼norodna grupa ludzi, dziaÅ‚aczy spoÅ‚ecznych, ekologicznych i kobiecych, ludzi w rÃ³Å¼nym wieku: mÅ‚odych, dojrzaÅ‚ych i starszych, o rÃ³Å¼nym wyksztaÅ‚ceniu i zawodach. #ZielonyWrocÅ‚aw #ZieloneSejmiki pic.twitter.com/5SSKI6jhtv",https://twitter.com/GoTracz/status/1043507606860587008,18,6,3,,"#ZielonyWrocÅ‚aw,#ZieloneSejmiki"
2018-09-22,13:14:49,GoTracz,"DziÅ› DzieÅ„ bez Samochodu :)Wielu rowerzystÃ³w i rowerzystek, takÅ¼e tych najmÅ‚odszych, przejechaÅ‚o ulicami WrocÅ‚awia. Rowerem przez #WrocÅ‚aw! #dzieÅ„bezsamochodu #Carfreeday pic.twitter.com/7KQVx44syU",https://twitter.com/GoTracz/status/1043458590814687232,36,5,5,,"#WrocÅ‚aw,#dzieÅ„bezsamochodu,#Carfreeday"
2018-09-21,21:47:37,GoTracz,"Porozmawiajmy o WrocÅ‚awiu w @tuWroclaw. PosÅ‚uchajcie naszych Zielonych pomysÅ‚Ã³w na miasto! ğŸ’š Nie chcemy obiecywaÄ‡ kolejnych wielkich inwestycji. Chcemy poprawiÄ‡, to co byÅ‚o dotychczas pomijane lub niedoinwestowane. @Zieloni #ZielonyWrocÅ‚aw #DobryKlimat https://www.tuwroclaw.com/wiadomosci,porozmawiajmy-o-wroclawiu-odc-34-malgorzata-tracz,wia5-3304-44065.htmlÂ â€¦",https://twitter.com/GoTracz/status/1043225255739879424,14,5,0,"tuWroclaw,Zieloni","#ZielonyWrocÅ‚aw,#DobryKlimat"
2018-09-20,22:52:27,GoTracz,"JuÅ¼ po wrocÅ‚awskiej debacie prezydenckiej @Radio_TOK_FM, w ktÃ³rej wziÄ™Å‚am udziaÅ‚ ğŸ’šğŸ¤— PadÅ‚o wiele istotnych dla wrocÅ‚awian i wrocÅ‚awianek kwestii, dlatego zachÄ™cam do obejrzenia nagrania: https://web.facebook.com/tokfm/videos/452694261804594/Â â€¦#ZielonyWrocÅ‚aw #DobryKlimat pic.twitter.com/14GEMogKvj",https://twitter.com/GoTracz/status/1042879182169165825,16,5,0,Radio_TOK_FM,"#ZielonyWrocÅ‚aw,#DobryKlimat"
2018-09-20,16:16:10,GoTracz,O 18:00 spotykamy siÄ™ na wrocÅ‚awskiej debacie prezydenckiej w DolnoÅ›lÄ…skim Centrum Filmowym przy ulicy PiÅ‚sudskiego 64a. WstÄ™p wolny. Debata takÅ¼e na Å¼ywo w @Radio_TOK_FM. Do zobaczenia! Do usÅ‚yszenia! ğŸ’š#ZielonyWrocÅ‚aw #DobryKlimat pic.twitter.com/DZG28rUDCd,https://twitter.com/GoTracz/status/1042779453095653378,14,8,1,Radio_TOK_FM,"#ZielonyWrocÅ‚aw,#DobryKlimat"
2018-09-19,12:59:02,GoTracz,"Jutro debata @Radio_TOK_FM. J. Sutryk (KO) i M. Stachowiak-RÃ³Å¼ecka (PiS) odmÃ³wili udziaÅ‚u. HasÅ‚o WrocÅ‚aw Rozmawia pod ich rzÄ…dami pozostaÅ‚oby tylko pustym hasÅ‚em. To nie bÄ™dzie dobra zmiana, a raczej zÅ‚a kontynuacja polityki uprawianej w gabinetach. https://web.facebook.com/GoTracz/photos/a.1458732601121691/2101790703482541/Â â€¦ pic.twitter.com/l9igGDvGku",https://twitter.com/GoTracz/status/1042367457862868993,17,6,3,Radio_TOK_FM,
2018-09-19,10:48:28,GoTracz,"Pierwszy kroczek zielonego marszu za nami: mamy potwierdzone listy kandydatÃ³w i kandydatek do sejmikÃ³w wojewÃ³dzkich w kaÅ¼dym wojewÃ³dztwie! ğŸ’šğŸŒ»ğŸ€ SÄ… na nich lokalni aktywiÅ›ci i aktywistki, osoby dziaÅ‚ajÄ…ce na rzecz ochrony przyrody. 21 paÅºdziernika #GÅ‚osujÄ™NaZielonych https://twitter.com/Zieloni/status/1042330725004009472Â â€¦",https://twitter.com/GoTracz/status/1042334596220809221,17,5,3,,#GÅ‚osujÄ™NaZielonych
2018-09-04,22:26:53,GoTracz,"@tuWroclaw @Zieloni @MarcinTorz Panie Marcinie, dziÄ™kujÄ™ za ciekawÄ… rozmowÄ™ i miÅ‚e sÅ‚owa. Mam nadziejÄ™, Å¼e do szybkiego zobaczenia :)",https://twitter.com/GoTracz/status/1037074541040812033,6,0,0,"MarcinTorz,Zieloni,tuWroclaw",
2018-08-31,20:07:37,GoTracz,Na oficjalnych obchodach Sierpnia 80.#SolidarnoÅ›Ä‡NaszÄ…BroniÄ… pic.twitter.com/F3kK59x6Fv,https://twitter.com/GoTracz/status/1035589941378592769,20,5,0,,#SolidarnoÅ›Ä‡NaszÄ…BroniÄ…
2018-08-29,20:58:24,GoTracz,"Robert ReisigovÃ¡-Kielawski ğŸ’š - koordynator zbiÃ³rki podpisÃ³w we WrocÅ‚awiu pod projektem ""Ratujmy Kobiety"" w 2016 i 2017 roku. TÅ‚umacz i autor tekstÃ³w do @ZielWiad. ZaangaÅ¼owany w miejskÄ… politykÄ™ i dziaÅ‚ania na rzecz praw czÅ‚owieka.#ZielonyWrocÅ‚aw #DobryKlimat pic.twitter.com/vFpQ56emiN",https://twitter.com/GoTracz/status/1034877949756035072,22,8,2,ZielWiad,"#ZielonyWrocÅ‚aw,#DobryKlimat"
2018-08-28,20:15:36,GoTracz,"Z MartynÄ… Wilk - radnÄ… osiedlowÄ…, ktÃ³ra wspiera  inicjatywÄ™ ""Koperty Å¼ycia"" podjÄ™tÄ… w tym roku przez MOPS. ""KopertÄ™ Å¼ycia"" moÅ¼e posiadaÄ‡ kaÅ¼da osoba starsza lub przewlekle chora. W sytuacji zagroÅ¼enia Å¼ycia ratownicy medyczni uzyskujÄ… szybko waÅ¼ne informacje.#dobryklimat pic.twitter.com/tmNE5XPpG3",https://twitter.com/GoTracz/status/1034504789378379777,19,5,0,,#dobryklimat
2018-08-21,14:55:20,GoTracz,SprzÄ…tamy Park Zachodni #DobryKlimat #ZielonyWrocÅ‚aw We WrocÅ‚awiu potrzeba zmian w gospodarce odpadamiâœ… zwiÄ™kszenia liczby koszy na Å›mieciâœ… wiÄ™kszych koszyâœ… czÄ™stszego oprÃ³Å¼nianiaâœ… segregacji odpadÃ³wâœ… zapobiegania powstawaniu odpadÃ³wâœ… dodatkowej edukacji ekologicznej pic.twitter.com/48u7GdIBck,https://twitter.com/GoTracz/status/1031887475701104643,20,8,2,,"#DobryKlimat,#ZielonyWrocÅ‚aw"
2018-08-20,21:44:48,GoTracz,21 paÅºdziernika we WrocÅ‚awiu bÄ™dzie moÅ¼na zagÅ‚osowaÄ‡ na:â Zielone listy do Sejmiku WojewÃ³dztwa DolnoÅ›lÄ…skiego ğŸŒ»â Zielone listy do Rady Miejskiej WrocÅ‚awia ğŸŒ»â ZielonÄ… kandydatkÄ™ na Prezydenta WrocÅ‚awia :)A w caÅ‚ej Polsce - do sejmikÃ³w na Zielonych! ğŸ’šğŸŒ±ğŸŒ»#zielonesejmiki pic.twitter.com/gSGvTVsGHP,https://twitter.com/GoTracz/status/1031628135052259328,32,10,3,,#zielonesejmiki
2018-08-14,13:07:07,GoTracz,"Czy tÄ™czowa flaga obraÅ¼a innych? OczywiÅ›cie, Å¼e nie. Czy zakÅ‚adanie koszulki z napisem ""Konstytucja"" na pomniki moÅ¼e nas doprowadziÄ‡ do absurdu? OczywiÅ›cie, Å¼e nie. Dla mnie jako mieszkanki WrocÅ‚awia sÄ… to oczywiste odpowiedzi, ale jak widaÄ‡ nie dla wszystkich. #OtwartyWrocÅ‚aw",https://twitter.com/GoTracz/status/1029323525608415232,44,8,6,,#OtwartyWrocÅ‚aw
2018-08-14,13:01:21,GoTracz,"21 X 2018 odbÄ™dÄ… siÄ™ wybory. Startujemy jako @ZieloniWro do Rady Miejskiej WrocÅ‚awia, a ja na urzÄ…d Prezydenta WrocÅ‚awia.WrocÅ‚aw potrzebuje zmiany priorytetÃ³w oraz bardziej ludzkiej polityki. Chcemy miasta czystego, zdrowego i dobrze skomunikowanego.#ZielonyWrocÅ‚aw #DobryKlimat pic.twitter.com/s3DTXVUB0w",https://twitter.com/GoTracz/status/1029322077839536128,33,10,6,ZieloniWro,"#ZielonyWrocÅ‚aw,#DobryKlimat"
2018-08-13,16:34:58,GoTracz,"@Zieloni @MisztalWiktor Super, Wiktorze. Bardzo siÄ™ cieszÄ™, Å¼e startujesz z nami. Powodzenia! :)",https://twitter.com/GoTracz/status/1029013444874448896,1,0,0,"MisztalWiktor,Zieloni",
2018-08-07,17:57:15,GoTracz,"@ZieloniWro @wyborczawroclaw @tomaszewskitome Podobnie w Kielcach: http://kielce.wyborcza.pl/kielce/1,47262,20423850,miasto-zamontuje-na-deptaku-pitniki-z-usa-taki-mamy-klimat.htmlÂ â€¦",https://twitter.com/GoTracz/status/1026859826494795777,0,0,1,"tomaszewskitome,wyborczawroclaw,ZieloniWro",
2018-08-07,17:53:30,GoTracz,@ZieloniWro @wyborczawroclaw @tomaszewskitome W Radomiu dla ludzi: https://radioradom.pl/zdrowa-zupelnie-darmo-wodopoje-miescie/Â â€¦,https://twitter.com/GoTracz/status/1026858884156334080,0,0,1,"tomaszewskitome,wyborczawroclaw,ZieloniWro",
2018-08-07,13:31:46,GoTracz,Jak walczyÄ‡ z upaÅ‚ami w mieÅ›cie? O rozwiÄ…zaniach @ZieloniWro opowiadam w @prwplâœ…WiÄ™cej zieleni w mieÅ›cieğŸŒ³âœ…WiÄ™cej publicznych wodopojÃ³wğŸ’§âœ…Nowe standardy planowania ğŸ¡âœ…Walka ze zmianami klimatu âœŠ#ZielonyWrocÅ‚aw #DobryKlimat https://bit.ly/2LYrSVXÂ ,https://twitter.com/GoTracz/status/1026793014704910338,14,3,1,"ZieloniWro,prwpl","#ZielonyWrocÅ‚aw,#DobryKlimat"
2018-08-07,13:18:09,GoTracz,Nowe priorytety w walce z upaÅ‚em we WrocÅ‚awiu wedÅ‚ug @ZieloniWro â˜€âœ…WiÄ™cej zieleni w mieÅ›cieğŸŒ³âœ…WiÄ™cej publicznych wodopojÃ³wğŸ’§âœ…Nowe standardy planowania ğŸ¡âœ…Walka ze zmianami klimatu âœŠ#ZielonyWrocÅ‚aw #DobryKlimat pic.twitter.com/hOWeWaY1Uj,https://twitter.com/GoTracz/status/1026789590110273538,30,8,2,ZieloniWro,"#ZielonyWrocÅ‚aw,#DobryKlimat"
2018-08-05,20:30:15,GoTracz,"@SutrykJacek @RozeckaPL @MichalakJerzy @martalempart @JarosMichal @tumwro JednÄ… z najwaÅ¼niejszych wartoÅ›ci Zielonych sÄ… prawa czÅ‚owieka. StÄ…d nasz sprzeciw wobec przyzwolenia na ksenofobiÄ™, antysemityzm i skrajny nacjonalizm, ktÃ³re godzÄ… w rÃ³wnoÅ›Ä‡ i godnoÅ›Ä‡ ludzi. Trzeba zapobiegaÄ‡ nacjonalistycznym wiecom i marszom. WiÄ™cej na:  http://bit.ly/2MhIR1SÂ ",https://twitter.com/GoTracz/status/1026173554235199493,11,4,2,"tumwro,JarosMichal,martalempart,MichalakJerzy,RozeckaPL,SutrykJacek",
2018-08-03,13:51:26,GoTracz,"Skutki zmian klimatu: upaÅ‚y, powodzie, nawaÅ‚nice, straty w rolnictwie. Trzeba odejÅ›Ä‡ od paliw kopalnych, rozwijaÄ‡ OZE, rozpoczÄ…Ä‡ adaptacjÄ™ miast do zmian klimatu: zieleÅ„, retencja wody, mÄ…dre planowanie, stop betonowaniu.#ZielonyWrocÅ‚aw #DobryKlimat https://bit.ly/2LOMb8oÂ ",https://twitter.com/GoTracz/status/1025348412919738368,34,12,3,,"#ZielonyWrocÅ‚aw,#DobryKlimat"
2018-08-02,14:11:59,GoTracz,"W debacie o zieleni miejskiej w ramach inicjatywy Zielona R ewolucja padÅ‚o wiele waÅ¼nych gÅ‚osÃ³w o zadrzewianiu WrocÅ‚awia oraz odpowiedniej pielÄ™gnacji zieleni. Bardzo dziÄ™kujÄ™ organizatorom, uczestnikom oraz prof. Ludwikowi TomiaÅ‚ojciowi, ktÃ³ry rozwinÄ…Å‚ koncepcje @ZieloniWro pic.twitter.com/HSfEQCH3N2",https://twitter.com/GoTracz/status/1024991196521869312,14,3,2,ZieloniWro,
2018-08-01,16:55:28,GoTracz,#PowstanieWarszawskie #PW1944 #Pamietamy44 Zaraz na wrocÅ‚awskim rynku oddamy czeÅ›Ä‡ powstaÅ„com i cywilom w trakcie Powstania. Pokojowo. pic.twitter.com/WaSbHWxc4M,https://twitter.com/GoTracz/status/1024669951104303104,13,1,0,,"#PowstanieWarszawskie,#PW1944,#Pamietamy44"
2018-07-30,17:07:28,GoTracz,"Startujemy we WrocÅ‚awiu!ğŸ€WrocÅ‚aw potrzebuje zmiany priorytetÃ³w i bardziej ludzkiej polityki opartej na empatii i dialogu. Chcemy miasta czystego, zdrowego i dobrze skomunikowanego, w ktÃ³rym kaÅ¼dy ma rÃ³wne szanse, a drobne inwestycje sÄ… rÃ³wnie waÅ¼ne jak te wielkie.#DobryKlimat pic.twitter.com/xO9efcBiqQ",https://twitter.com/GoTracz/status/1023948196605816832,57,19,5,,#DobryKlimat
2018-07-26,21:12:01,GoTracz,#WolneSÄ…dy #WolneWybory #SolidarnoÅ›Ä‡NaszÄ…SiÅ‚Ä… #OpÃ³rMaSens #OstatniDzwonek #WrocÅ‚awTwierdzÄ…Demokracji pic.twitter.com/0LVIrOqmYP,https://twitter.com/GoTracz/status/1022560186236645376,30,8,0,,"#WolneSÄ…dy,#WolneWybory,#SolidarnoÅ›Ä‡NaszÄ…SiÅ‚Ä…,#OpÃ³rMaSens,#OstatniDzwonek,#WrocÅ‚awTwierdzÄ…Demokracji"
2018-07-26,14:27:59,GoTracz,"WrocÅ‚aw miastem z dobrym klimatem. DziÅ› jeszcze nieoficjalnie, a 30 lipca oficjalnie. ZdecydowaliÅ›my siÄ™ na start w wyborach do rady miejskiej jako Zieloni, a ja chcÄ™ zmieniaÄ‡ WrocÅ‚aw na lepsze ğŸ™‚@PrzemekGalecki @prwpl http://www.radiowroclaw.pl/articles/view/79483/Malgorzata-Tracz-powalczy-o-WroclawÂ â€¦",https://twitter.com/GoTracz/status/1022458510498562049,36,9,1,"PrzemekGalecki,prwpl",
2018-07-25,21:56:58,GoTracz,#OstatniDzwonek w obronie #WolneSÄ…dy pic.twitter.com/212Q1P6CHK,https://twitter.com/GoTracz/status/1022209112401223680,25,14,1,,"#OstatniDzwonek,#WolneSÄ…dy"
2018-07-24,23:46:34,GoTracz,"Tak byÅ‚o we wtorek na wrocÅ‚awskim rynku. Sprawmy, by w Å›rodÄ™ i czwartek #ostatnidzwonek w obronie #SN rozbrzmiewaÅ‚ jeszcze donoÅ›niej! Widzimy siÄ™ pod prÄ™gierzem o 21:00. http://wroclaw.wyborcza.pl/wroclaw/7,35771,23712911,lancuch-swiatla-we-wroclawiu-stop-w-senacie.html#Z_BoxLokWrocLinkÂ â€¦",https://twitter.com/GoTracz/status/1021874303665680385,19,5,2,,"#ostatnidzwonek,#SN,#Z_BoxLokWrocLink"
2018-07-24,13:57:29,GoTracz,"Walka o SÄ…d NajwyÅ¼szy i o nasze prawo do niezawisÅ‚ego sÄ…du wciÄ…Å¼ siÄ™ toczy, dlatego nie odpuszczamy, idziemy dalej! Widzimy siÄ™ we wtorek 24 lipca na wrocÅ‚awskim rynku pod PrÄ™gierzem o g. 21:00. #ÅaÅ„cuchÅšwiatÅ‚a #WolneSÄ…dy #WolneWybory https://www.facebook.com/events/646900805684687/Â â€¦ pic.twitter.com/7wqML2WYTZ",https://twitter.com/GoTracz/status/1021726056099786753,29,17,0,,"#ÅaÅ„cuchÅšwiatÅ‚a,#WolneSÄ…dy,#WolneWybory"
2018-07-23,10:04:28,GoTracz,"Platforma Obywatelska znÃ³w zmienia kandydata na Prezydenta WrocÅ‚awia.Kto bÄ™dzie nastÄ™pny? I na jak dÅ‚ugo? Macie jakieÅ› typy i scenariusze, czy zbyt szybka karuzela? ;) pic.twitter.com/zWVSCQMiHc",https://twitter.com/GoTracz/status/1021305030459109386,22,10,3,,
2018-07-20,22:05:05,GoTracz,"O wyborach samorzÄ…dowych we WrocÅ‚awiu i na Dolnym ÅšlÄ…sku rozmawialiÅ›my na spotkaniu @ZieloniWro. MiÅ‚o nam byÅ‚o goÅ›ciÄ‡ @MichalBerg z czeskich @czech_greens oraz @europeangreens, ktÃ³ry podzieliÅ‚ siÄ™ swoimi pomysÅ‚ami i doÅ›wiadczeniami z kampanii. DziÄ™kujemy! ğŸ’šğŸ¤—Â #ZielonyWrocÅ‚aw pic.twitter.com/6fj6WpOBGu",https://twitter.com/GoTracz/status/1020399214206087170,12,6,1,"ZieloniWro,MichalBerg,czech_greens,europeangreens",#ZielonyWrocÅ‚aw
2018-07-19,21:00:17,GoTracz,WrocÅ‚aw solidarnie z WarszawÄ…. #SejmJestNasz pic.twitter.com/bOxVEayU9q,https://twitter.com/GoTracz/status/1020020519402393600,30,8,5,,#SejmJestNasz
2018-07-19,12:30:45,GoTracz,O 12:40 przewodniczÄ…cy @Zieloni - @KossakM w @tvsuperstacja.Warto obejrzeÄ‡. pic.twitter.com/NUGD3qixBZ,https://twitter.com/GoTracz/status/1019892292549840896,11,0,0,"Zieloni,KossakM,tvsuperstacja",
2018-07-18,21:29:12,GoTracz,Z JÃ³zefem Piniorem i wieloma wspaniaÅ‚ymi demokratami i demokratkami przesyÅ‚amy wsparcie Warszawie #sejmjestnasz!Jutro teÅ¼ bÄ™dziemy pod wrocÅ‚awskim prÄ™gierzem o 21. DoÅ‚Ä…czcie do nas! pic.twitter.com/Nc7cL5hxnK,https://twitter.com/GoTracz/status/1019665407928565762,38,12,10,,#sejmjestnasz
2018-07-13,14:56:18,GoTracz,"#ZLU2018 #GEFsummer #ZielonyUniwersytet Debata ""Miasta w kierunku DÃ³br WspÃ³lnych. Miasta w okresie przejÅ›ciowym.""#transformacjaenergetyczna #rewitalizacja #paneleobywatelskie pic.twitter.com/263eP1ozwZ",https://twitter.com/GoTracz/status/1017754593839730688,11,6,0,,"#ZLU2018,#GEFsummer,#ZielonyUniwersytet,#transformacjaenergetyczna,#rewitalizacja,#paneleobywatelskie"
2018-07-12,15:09:16,GoTracz,"#planowaniepowrocÅ‚awskuNikt o retencji wody nie myÅ›laÅ‚? Tylko o tym, by jak najwiÄ™cej drzew wyciÄ…Ä‡ i powierzchni zabetonowaÄ‡? No to mamy oszaÅ‚amiajÄ…ce efekty. http://www.gazetawroclawska.pl/wiadomosci/a/ulica-sucha-zalana-po-ulewnym-deszczu-nowa-inwestycja-przypomina-basen-ludzie-z-bagazami-skacza-na-gleboka-wode-zdjecia,13334119/Â â€¦",https://twitter.com/GoTracz/status/1017395467649470469,26,8,2,,#planowaniepowrocÅ‚awskuNikt
2018-07-08,21:20:13,GoTracz,"DziÅ› w ramach akcji #bigjump2018  wskoczyliÅ›my do rzeczki #Nowinka w Nowej Wsi koÅ‚o #bystrzycaklodzka. To europejska akcja ratowania rzek, szczegÃ³lnie ochronienia ich przed betonowaniem i kanalizowaniem.#ratujmyrzeki #green #savetherivers #bigjump pic.twitter.com/CFKDni99IO",https://twitter.com/GoTracz/status/1016039268043673600,27,7,0,,"#bigjump2018,#Nowinka,#bystrzycaklodzka,#ratujmyrzeki,#green,#savetherivers,#bigjump"
2018-07-07,14:19:07,GoTracz,I Marsz RÃ³wnoÅ›ci w Opolu ruszyÅ‚!ğŸŒˆâ¤ğŸ§¡ğŸ’›ğŸ’šğŸ’™ğŸ’œ pic.twitter.com/5c1YRpnyQf,https://twitter.com/GoTracz/status/1015570906704379904,50,13,1,,
2018-07-04,15:51:37,GoTracz,Wolne sÄ…dy! Wolne wybory! Wolna Polska! âœŒğŸ•¯ Zieloni w Parlamencie Europejskim zawsze po stronie praw polskich obywatelek i obywateli ğŸ’šğŸŒ»ğŸ’šAle my w Polsce teÅ¼ #NieOdpuszczamy! DziÅ› o 21:00  widzimy siÄ™ na #ÅaÅ„cuchÅšwiatÅ‚a w wielu polskich miastach. We WrocÅ‚awiu pod prÄ™gierzem. https://twitter.com/Zieloni/status/1014478673834074113Â â€¦,https://twitter.com/GoTracz/status/1014507021427728384,9,3,1,,"#NieOdpuszczamy,#ÅaÅ„cuchÅšwiatÅ‚a"
2018-07-03,15:26:34,GoTracz,"Walka o SÄ…d NajwyÅ¼szy to nie jest walka o samÄ… instytucjÄ™, lecz o nasze prawa jako obywatelek i obywateli do niezaleÅ¼nego wymiaru sÄ…downictwa i do uczciwych wyborÃ³w. We WrocÅ‚awiu spotykamy siÄ™ pod PrÄ™gierzem na #ÅaÅ„cuchÅšwiatÅ‚a o 21:00, a wczeÅ›niej z apelem do UE o 19:00.#SN pic.twitter.com/GM1abiFyjO",https://twitter.com/GoTracz/status/1014138332236967936,37,12,1,,"#ÅaÅ„cuchÅšwiatÅ‚a,#SN"
2018-07-02,16:24:09,GoTracz,#DoKosza #StopTheBan #NIEdlaZaostrzeniaUstawy pic.twitter.com/I8AwPYgiBN,https://twitter.com/GoTracz/status/1013790432524996608,46,9,1,,"#DoKosza,#StopTheBan,#NIEdlaZaostrzeniaUstawy"
2018-06-30,15:03:11,GoTracz,@RzeszowPride piÄ™knie! ğŸŒˆâ¤ğŸ§¡ğŸ’›ğŸ’šğŸ’™ğŸ’œ https://twitter.com/Zieloni/status/1013041277418565633Â â€¦,https://twitter.com/GoTracz/status/1013045280634220544,3,0,0,RzeszowPride,
2018-06-28,22:09:59,GoTracz,"PoniedziaÅ‚ek, 2 lipca, godz. 16:00, PrÄ™gierz we WrocÅ‚awiu. #NieDlaZaostrzeniaUstawyAntyaborcyjnej #DoKosza https://www.facebook.com/events/231461864311697/?ti=clÂ â€¦",https://twitter.com/GoTracz/status/1012427913000554505,14,3,0,,"#NieDlaZaostrzeniaUstawyAntyaborcyjnej,#DoKosza"
2018-06-26,23:14:25,GoTracz,"#NieOdpuszczamy Na #Å‚aÅ„cuchÅ›wiatÅ‚a widzimy siÄ™ teÅ¼ w Å›rodÄ™. Godz. 21:00, pl.WolnoÅ›ci, WrocÅ‚aw. https://www.facebook.com/events/1257827394354052/?ti=clÂ â€¦ pic.twitter.com/ntQJB3RjJt",https://twitter.com/GoTracz/status/1011719352100573184,30,9,0,,"#NieOdpuszczamy,#Å‚aÅ„cuchÅ›wiatÅ‚a"
2018-06-26,19:16:44,GoTracz,"ÅaÅ„cuch ÅšwiatÅ‚a w obronie SÄ…du NajwyÅ¼szego dziÅ› w kilku miastach Polski.We WrocÅ‚awiu: pl. WolnoÅ›ci, godz. 21:00. BÄ…dÅºmy tam razem. #nieodpuszczamy #sn #Å‚aÅ„cuchÅ›wiatÅ‚a https://www.facebook.com/events/1917533068290942/Â â€¦",https://twitter.com/GoTracz/status/1011659538536288257,17,6,2,,"#nieodpuszczamy,#sn,#Å‚aÅ„cuchÅ›wiatÅ‚a"
2018-06-23,13:36:44,GoTracz,"I Marsz RÃ³wnoÅ›ci w Rzeszowie juÅ¼ za tydzieÅ„! ğŸŒˆâ¤ğŸ§¡ğŸ’›ğŸ’šğŸ’™ğŸ’œZ @KossakM mocno kibicujemy duÅ¼ej frekwencji i dziÄ™kujemy organizatorom i organizatorkom, Å¼e podjÄ™li siÄ™ tego zadania. @RzeszowPride pic.twitter.com/CRdasGFYj1",https://twitter.com/GoTracz/status/1010486809837686784,27,7,2,"KossakM,RzeszowPride",
2018-06-22,20:44:32,GoTracz,"W Czechach jest wola polityczna, by wprowadziÄ‡ rÃ³wnoÅ›Ä‡ maÅ‚Å¼eÅ„skÄ… ğŸŒˆ U nas? PÃ³ki nie bÄ™dzie w Sejmie  ludzi, ktÃ³rzy rozumiejÄ…, Å¼e wolnoÅ›Ä‡ niezrÃ³wnowaÅ¼ona rÃ³wnoÅ›ciÄ…, jest zawsze wolnoÅ›ciÄ… silniejszego  dÅ‚ugo nic siÄ™ nie zmieni. http://www.polsatnews.pl/wiadomosc/2018-06-22/rzad-czech-poparl-projekt-o-legalizacji-malzenstw-jednoplciowych/?ref=kafleÂ â€¦",https://twitter.com/GoTracz/status/1010232083787198464,25,8,5,,
2018-06-19,16:56:12,GoTracz,#KibicujÄ™WszystkimKolorom #SupportAllColours âš½ğŸŒˆğŸ’šDziÅ› pierwszy mecz Polski. Trzymamy kciuki! Z @KossakM popieramy akcjÄ™ @LGBTIintergroup w PE wysyÅ‚ania tÄ™czowych sznurÃ³wek druÅ¼ynom #Mundial2018. ZaÅ‚Ã³Å¼cie kolory tÄ™czy - pokaÅ¼cie solidarnoÅ›Ä‡ z obroÅ„cami praw czÅ‚owieka w Rosji! pic.twitter.com/XaBgoM8n1n,https://twitter.com/GoTracz/status/1009087455906205697,30,7,3,"KossakM,LGBTIintergroup","#KibicujÄ™WszystkimKolorom,#SupportAllColours,#Mundial2018"
2018-06-18,11:59:58,GoTracz,"Z liderem Wolnych Konopi @AndrzejDolecki porozmawialiÅ›my o tym, co nas Å‚Ä…czy, a Å‚Ä…czy duÅ¼o Bardzo ciekawa rozmowa  http://m.inÂ . o innowacyjnych technologiach wykorzystania konopi, ktÃ³re sÄ… alternatywÄ… dla plastiku. Ale i o wyborach ;) #zielonesejmiki #zielonysamorzÄ…d pic.twitter.com/MmQtep57gS",https://twitter.com/GoTracz/status/1008650520750419968,23,4,2,AndrzejDolecki,"#zielonesejmiki,#zielonysamorzÄ…d"
2018-06-16,15:42:43,GoTracz,"#XKongresKobiet  Bardzo ciekawa debata, przeniesiona z mniejszej sali do sali plenarnej. Sala peÅ‚na :) #Å‚Ã³dÅº #SiÅ‚aKobiet pic.twitter.com/HkjBoPaf3I",https://twitter.com/GoTracz/status/1007981802601025537,11,3,0,,"#XKongresKobiet,#Å‚Ã³dÅº,#SiÅ‚aKobiet"
2018-06-16,14:03:47,GoTracz,Stowarzyszenie DolnoÅ›lÄ…ski Kongres Kobiet pozdrawia z X Kongresu Kobiet!#XKongresKobiet #siÅ‚akobiet #100latprawwyborczych pic.twitter.com/6aKdPMfyta,https://twitter.com/GoTracz/status/1007956904197459968,18,4,0,,"#XKongresKobiet,#siÅ‚akobiet,#100latprawwyborczych"
2018-06-16,10:05:41,GoTracz,Zaczynamy #XKongresKobiet! pic.twitter.com/YnExZ5Vbt2,https://twitter.com/GoTracz/status/1007896984383041536,32,5,0,,#XKongresKobiet
2018-06-13,17:52:07,GoTracz,Zaraz zaczynamy Akademicki Protest Okupacyjny we WrocÅ‚awiu! pic.twitter.com/Cdc2tBAGTC,https://twitter.com/GoTracz/status/1006927201395204096,40,9,2,,
2018-06-12,12:08:02,GoTracz,"JuÅ¼ w Å›rodÄ™, o godz. 18 na skwerze im. NiezaleÅ¼nego ZwiÄ…zku StudentÃ³w, czyli na przeciwko Hali Targowej we WrocÅ‚awiu, odbÄ™dzie siÄ™ demonstracja wspierajÄ…ca Akademicki Komitet Protestacyjny. ObecnoÅ›Ä‡ obowiÄ…zkowa.#naukaniepodlegÅ‚a pic.twitter.com/nK2ojdnqIc",https://twitter.com/GoTracz/status/1006478222106734593,26,5,1,,#naukaniepodlegÅ‚a
2018-06-09,15:57:31,GoTracz,#ParadaRÃ³wnoÅ›ci2018 ğŸŒˆâ¤ğŸ§¡ğŸ’›ğŸ’šğŸ’™ğŸ’œ @Zieloni pic.twitter.com/LKWE2W5tMW,https://twitter.com/GoTracz/status/1005448810670239744,64,8,4,Zieloni,#ParadaRÃ³wnoÅ›ci2018
2018-06-08,16:06:27,GoTracz,"@Jaroslaw_Gowin @KossakM @BlazejPapiernik ProszÄ™ przeczytaÄ‡ caÅ‚y list, a nie tylko twitt, a znajdzie Pan tam odpowiedzi ;) https://partiazieloni.pl/popieramy-postulaty-protestujacych-przeciw-reformie-gowina/Â â€¦",https://twitter.com/GoTracz/status/1005088669206708226,1,0,1,"BlazejPapiernik,KossakM,Jaroslaw_Gowin",
2018-06-08,15:22:18,GoTracz,Z @KossakM wyraÅ¼amy solidarnoÅ›Ä‡ z protestujÄ…cymi przeciwko reformie nauki @Jaroslaw_Gowin.Ustawa:1) da ministrowi bezprecedensowÄ… wÅ‚adzÄ™ 2) spowoduje raÅ¼Ä…cÄ… dyskryminacjÄ™ kobiet3) spowoduje dysproporcje miÄ™dzy uczelniami i degradacjÄ™ uni regionalnych https://bit.ly/2sHcAcxÂ ,https://twitter.com/GoTracz/status/1005077561276289026,15,4,3,"KossakM,Jaroslaw_Gowin",
2018-06-04,09:31:07,GoTracz,"WspÃ³lnie z @ABaerbock - liderkÄ… niemieckich @Die_Gruenen oraz @bueti  - liderem @europeangreens zaapelowaliÅ›my, by Komisja Europejska powstrzymaÅ‚a niszczenie wolnych sÄ…dÃ³w w Polsce! KE w trybie art. 258 Traktatu o funkcjonowaniu UE moÅ¼e skierowaÄ‡ ustawÄ™ o #SN do #TSUE pic.twitter.com/DU6JLMa8rR",https://twitter.com/GoTracz/status/1003539632221548544,23,10,2,"ABaerbock,Die_Gruenen,bueti,europeangreens","#SN,#TSUE"
2018-05-29,20:48:07,GoTracz,"Moja wypowiedÅº w gorÄ…cym temacie poÅ¼arÃ³w skÅ‚adowisk dla @NewsweekPolska.O przyczynach tak wielu skÅ‚adowisk w Polsce, zagroÅ¼eniach wynikajÄ…cych ze skÅ‚adowania nieodpowiednio zabezpieczonych odpadÃ³w i programie 10 punktÃ³w  @Zieloni walki ze skÅ‚adowiskami. https://bit.ly/2xxWO95Â ",https://twitter.com/GoTracz/status/1001535676318298112,12,6,2,"NewsweekPolska,Zieloni",
2018-05-29,14:00:57,GoTracz,"Polska nie moÅ¼e byÄ‡ wysypiskiem Europy!Czas poÅ¼egnaÄ‡ siÄ™ z  filozofiÄ… koÅ„ca rury, czyli gaszenia poÅ¼arÃ³w â€“ w tym przypadku dosÅ‚ownego. Czas wprowadziÄ‡ systemowe rozwiÄ…zania.Z @KossakM przygotowaliÅ›my 10 punktÃ³w walki z odpadami: https://partiazieloni.pl/polska-nie-moze-byc-wysypiskiem-europy/Â â€¦@Zieloni pic.twitter.com/hBSAgNkcdT",https://twitter.com/GoTracz/status/1001433208825761792,46,21,3,"KossakM,Zieloni",
2018-05-21,19:07:22,GoTracz,WrocÅ‚aw.#WspieramyStrajkOkupacyjnyRON JesteÅ›my z Wami pic.twitter.com/m1cpRrh17S,https://twitter.com/GoTracz/status/998611220818268161,46,15,2,,#WspieramyStrajkOkupacyjnyRON
2018-05-18,11:03:55,GoTracz,"Wczoraj miaÅ‚am przyjemnoÅ›Ä‡ wziÄ…Ä‡ udziaÅ‚ w debacie ""Porozmawiajmy o WrocÅ‚awiu"" organizowanej przez @strajkkobiet oraz DolnoÅ›lÄ…ski @kongreskobiet.Wraz z innymi uczestni(cz)kami debaty pokazaliÅ›my, Å¼e mamy pomysÅ‚y na zarzÄ…dzanie miastem. DziÄ™kujÄ™ za merytorycznÄ… dyskusjÄ™. pic.twitter.com/dcAd9ufdhG",https://twitter.com/GoTracz/status/997402390121844736,24,6,3,"strajkkobiet,kongreskobiet",
2018-05-08,12:58:12,GoTracz,W drodze do Zielonej GÃ³ry na spotkanie z Zielonymi oraz lokalnymi aktywistkami i aktywistami. PorozmawiaÄ‡ o mieÅ›cie i starcie do sejmikÃ³w wojewÃ³dzkich. @Zieloni szykujÄ… siÄ™ do wyborÃ³w :)#zielonesejmiki #sejmikiwojewÃ³dzkie #sejmiki #wybory pic.twitter.com/U8QETCrdG8,https://twitter.com/GoTracz/status/993807272265617408,14,2,2,Zieloni,"#zielonesejmiki,#sejmikiwojewÃ³dzkie,#sejmiki,#wybory"
2018-04-28,16:38:16,GoTracz,"Sobotnie popoÅ‚udnie na spotkaniu Stowarzyszenie DolnoÅ›lÄ…ski @kongreskobiet o Herstorii, czyli o innym podejÅ›ciu do historii, w ktÃ³rym waÅ¼nÄ… rolÄ™ odgrywajÄ… relacje spoÅ‚eczne, kwestie rÃ³l spoÅ‚ecznych i nie brakuje kobiet. pic.twitter.com/ai645nEYH1",https://twitter.com/GoTracz/status/990238774016823296,13,7,2,kongreskobiet,
2018-04-27,18:23:04,GoTracz,WrocÅ‚aw solidarny z rodzicami osÃ³b niepeÅ‚nosprawnych.JesteÅ›my z Wami! pic.twitter.com/6ynn9T6oLh,https://twitter.com/GoTracz/status/989902761239236609,43,12,3,,
2018-04-26,21:21:30,GoTracz,"DziÅ› mieliÅ›my spotkanie koÅ‚a wrocÅ‚awskiego @ZieloniWro. Sporo tematÃ³w, waÅ¼ne sprawy, ale wszystko poszÅ‚o sprawnie i w miÅ‚ej atmosferze.Po spotkaniu mamy teÅ¼ nowÄ… czÅ‚onkiniÄ™. Zielone roÅ›nie ğŸŒ±ğŸŒ»ğŸ€ pic.twitter.com/MnwNyLDa9a",https://twitter.com/GoTracz/status/989585277403516928,14,6,0,ZieloniWro,
2018-04-25,20:49:15,GoTracz,"Czy sprawiedliwoÅ›ci stanie siÄ™ zadoÅ›Ä‡?Wg  http://OKO.pressÂ  Jana SzyszkÄ™ moÅ¼na zdaniem prawnikÃ³w pociÄ…gnÄ…Ä‡ do odpowiedzialnoÅ›ci na podstawie art. 231 kodeksu karnego, mÃ³wiÄ…cego o naduÅ¼yciu uprawnieÅ„ przez funkcjonariusza publicznego. Grozi za to do 3 lat wiÄ™zienia. pic.twitter.com/kqBiMNlebO",https://twitter.com/GoTracz/status/989214773727424512,17,4,3,,
2018-04-25,20:46:19,GoTracz,@Zieloni @DagMisztela @ZielonaWarszawa Gratulacje :),https://twitter.com/GoTracz/status/989214035798319105,2,0,0,"ZielonaWarszawa,DagMisztela,Zieloni",
2018-04-24,11:45:48,GoTracz,"WaÅ¼na lektura na dziÅ›: wywiad z @GawlikRadoslaw - ekologiem, byÅ‚ym posÅ‚em, wiceministrem ds. Å›rodowiska, byÅ‚ym wspÃ³Å‚przewodniczÄ…cym @Zieloni, moim przyjacielem, ktÃ³rego bardzo szanujÄ™ i na ktÃ³rego zawsze mogÄ™ liczyÄ‡. https://www.rp.pl/Polityka/304199926-Radoslaw-Gawlik-Dzis-nie-poznaje-Szyszki.htmlÂ â€¦",https://twitter.com/GoTracz/status/988715621637677056,21,8,1,"GawlikRadoslaw,Zieloni",
2018-04-23,18:41:45,GoTracz,"Wczoraj w Opolu, dziÅ› w Szprotawie, wkrÃ³tce w Zielonej GÃ³rze.BÄ™dziemy mieÄ‡ bardzo kompetentne osoby na listach do sejmikÃ³w wojewÃ³dzkich :)#zielonesejmiki #voteGreen pic.twitter.com/C8ElU996Mt",https://twitter.com/GoTracz/status/988457911922974722,13,3,0,,"#zielonesejmiki,#voteGreen"
2018-04-22,15:40:43,GoTracz,Niedzielne przedpoÅ‚udnie upÅ‚ynÄ™Å‚o na bardzo miÅ‚ym spotkaniu Zielonych w Opolu. ğŸŒ±ğŸ€ğŸŒ»UstaliliÅ›my plany dziaÅ‚ania lokalnego i podjÄ™liÅ›my kroki w sprawie startu Zielonych do sejmiku wojewÃ³dztwa opolskiego. Bardzo dziÄ™kujÄ™ za rozmowÄ™ :) DziaÅ‚amy! pic.twitter.com/AJWcK98lKK,https://twitter.com/GoTracz/status/988049966198415360,13,3,4,,
2018-04-12,19:02:31,GoTracz,"Razem z @KossakM gratulujemy wszystkim ObroÅ„com i ObroÅ„czyniom Puszczy nagrody #OkularyRÃ³wnoÅ›ci. @europeangreens, z ktÃ³rymi mieliÅ›my dziÅ› spotkanie w Brukseli, doÅ‚Ä…czajÄ… siÄ™ do Å¼yczeÅ„. DziÄ™kujemy za bronienie BiaÅ‚owieÅ¼y! pic.twitter.com/er0CzITive",https://twitter.com/GoTracz/status/984476869515972608,46,10,4,"KossakM,europeangreens",#OkularyRÃ³wnoÅ›ci
2018-04-09,13:50:17,GoTracz,"Bardzo szczere i miÅ‚e spotkanie z @TomOwczarek71 - liderem #WRO, ktÃ³ry wczeÅ›niej wspÃ³Å‚pracowaÅ‚ z prof. AlicjÄ… ChybickÄ… i zdecydowanie powiedziaÅ‚, Å¼e nie akceptuje Kazimierza Ujazdowskiego jako kandydata na prezydenta WrocÅ‚awia. Czas na nowÄ… politykÄ™ miejskÄ… dla WrocÅ‚awia! pic.twitter.com/Q5HCdXEr6Y",https://twitter.com/GoTracz/status/983311129651892224,18,7,1,TomOwczarek71,#WRO
2018-04-08,20:30:09,GoTracz,"W weekend miaÅ‚am przyjemnoÅ›Ä‡ odwiedziÄ‡ Zielonych w Kujawsko-Pomorskiem. W Toruniu i Bydgoszczy rozmawialiÅ›my o starcie Partii Zieloni do sejmiku wojewÃ³dzkiego, a takÅ¼e lokalnych waÅ¼nych sprawach dla Zielonych. SpotkaliÅ›my siÄ™ w Bydgoszczy z przedstawicielem @inicjatywaPL. pic.twitter.com/U1fewp8WqG",https://twitter.com/GoTracz/status/983049372748394497,20,3,0,inicjatywaPL,
2018-04-05,11:46:47,GoTracz,"@kmujazdowski nie jest Å¼adnÄ… alternatywÄ… wobec @pisorgpl. Jest politykiem ultrakonserwatywnym. Mam nadziejÄ™, Å¼e wrocÅ‚awianie i wrocÅ‚awianki wyÅ›lÄ… go na emeryturÄ™ z dala od WrocÅ‚awia - powiedziaÅ‚am miÄ™dzy innymi w Poranku @Radio_TOK_FM. PosÅ‚uchaj rozmowy:  http://bit.ly/2EkNRxXÂ  pic.twitter.com/PHl6bpbKaK",https://twitter.com/GoTracz/status/981830502364712960,27,10,1,"kmujazdowski,pisorgpl,Radio_TOK_FM",
2018-04-04,19:23:30,GoTracz,Jutro rano o 7:24 w Poranku @Radio_TOK_FM bÄ™dÄ™ miaÅ‚a przyjemnoÅ›Ä‡ rozmawiaÄ‡ z DorotÄ… @Warakomska o WrocÅ‚awiu i wyborach samorzÄ…dowych. Zapraszam do sÅ‚uchania :),https://twitter.com/GoTracz/status/981583047895257088,16,6,0,"Radio_TOK_FM,Warakomska",
2018-04-03,13:11:36,GoTracz,Wow. Takie newsy po Wielkanocy. POPiS nie prÃ³Å¼nuje w Å›wiÄ™ta. https://twitter.com/ZieloniWro/status/981126315020517376Â â€¦,https://twitter.com/GoTracz/status/981127067961053184,20,5,2,,
2018-03-26,21:30:49,GoTracz,"Bohaterki i takÅ¼e bohaterowie zaangaÅ¼owani we WrocÅ‚awiu w #CzarnyPiÄ…tek. I na wyjazd do Warszawy, i w wydarzenie we WrocÅ‚awiu.To byÅ‚a energia. Zawsze moÅ¼na lepiej, z lepszym nagÅ‚oÅ›nieniem i przemowami. Ale w te kilkanaÅ›cie godzin naprawdÄ™ daÅ‚yÅ›my radÄ™! https://bit.ly/2pHzuiNÂ  pic.twitter.com/u4KgRAcbB0",https://twitter.com/GoTracz/status/978353600421355520,30,9,2,,#CzarnyPiÄ…tek
2018-03-25,13:13:18,GoTracz,We WrocÅ‚awiu odÅ›piewaliÅ›my OdÄ™ do radoÅ›ci - hymn Unii Europejskiej ğŸ‡ªğŸ‡ºğŸ‡µğŸ‡±ğŸŒ#TakDlaEuropy! pic.twitter.com/MGZQzu6Knh,https://twitter.com/GoTracz/status/977866006885433344,43,12,6,,#TakDlaEuropy
2018-03-24,19:04:38,GoTracz,DziÅ› o 20:30 Godzina dla Ziemi ğŸŒğŸŒğŸŒSkÅ‚ania do refleksji nad zmianamiÂ klimatu.Akcja organizowana jest przez WWF od 2007 roku. Jej celem jest nakÅ‚onienie ludzi i firm do wyÅ‚Ä…czenia na jednÄ… godzinÄ™Â Å›wiateÅ‚Â orazÂ urzÄ…dzeÅ„ elektrycznych. #godzinadlaZiemi #hourforearth,https://twitter.com/GoTracz/status/977607133293359104,7,0,1,,"#godzinadlaZiemi,#hourforearth"
2018-03-23,18:36:30,GoTracz,"We WrocÅ‚awiu byÅ‚o nas 2,5 tysiÄ…ca! A sporo wrocÅ‚awianek i wrocÅ‚awian w Warszawie. #CzarnyPiÄ…tek #NieDlaZaostrzeniaUstawyAntyaborcyjnej #StrajkKobiet #StrajkWszystkich #SiostrzaÅ„stwo DziÄ™ki dziewczyny, daÅ‚yÅ›my czadu ğŸ’ªâ™€â— https://bit.ly/2FWatKCÂ ",https://twitter.com/GoTracz/status/977237664528257024,40,5,1,,"#CzarnyPiÄ…tek,#NieDlaZaostrzeniaUstawyAntyaborcyjnej,#StrajkKobiet,#StrajkWszystkich,#SiostrzaÅ„stwo"
2018-03-23,13:11:00,GoTracz,"Szwedzcy Zieloni @miljopartiet zadeklarowali pomoc Polkom w zabiegach aborcji. To gest podziÄ™kowania za l 60. i 70., gdy w Szwecji obowiÄ…zywaÅ‚ zakaz aborcji i polskie szpitale przyjmowaÅ‚y Szwedki na bezpÅ‚atne zabiegi.PiÄ™kny gest. #SolidarnoÅ›Ä‡NaszÄ…SiÅ‚Ä…! https://www.aftonbladet.se/debatt/a/9mGjxr/lat-polska-kvinnor-gora-abort-i-sverigeÂ â€¦",https://twitter.com/GoTracz/status/977155752434466817,25,9,4,miljopartiet,#SolidarnoÅ›Ä‡NaszÄ…SiÅ‚Ä…
2018-03-23,11:01:02,GoTracz,"#CzarnyPiÄ…tekDziÅ› #JedziemyNaWarszawÄ™. SÄ… teÅ¼ demonstracje organizowane przez @strajkkobiet w rÃ³Å¼nych miastach.We WrocÅ‚awiu spotykamy siÄ™ o 16:00 pod PrÄ™gierzem.#StrajkWszystkich #NieDlaZaostrzeniaUstawy #StopTheBan #BlackFriday http://wroclaw.wyborcza.pl/wroclaw/7,35771,23178025,czarny-piatek-we-wroclawiu-projekt-zaostrzania-ustawy-antyaborcyjnej.htmlÂ â€¦",https://twitter.com/GoTracz/status/977123045411258368,17,3,1,strajkkobiet,"#CzarnyPiÄ…tekDziÅ›,#JedziemyNaWarszawÄ™,#StrajkWszystkich,#NieDlaZaostrzeniaUstawy,#StopTheBan,#BlackFriday"
2018-03-22,20:30:42,GoTracz,"#CzarnyPiÄ…tek we WrocÅ‚awiu! Jutro o 16:00 pod PrÄ™gierzem. PokaÅ¼my, Å¼e nie damy zaostrzyÄ‡ prawa aborcyjnego.  https://www.facebook.com/events/1004003323088801/Â â€¦#StrajkKobiet #StrajkWszystkich#NieDlaZaostrzeniaUstawy #StopTheBan pic.twitter.com/P6rpfU8KOC",https://twitter.com/GoTracz/status/976904018353106945,41,17,2,,"#CzarnyPiÄ…tek,#StrajkKobiet,#StrajkWszystkich,#NieDlaZaostrzeniaUstawy,#StopTheBan"
2018-03-22,16:01:17,GoTracz,"DziÅ› o 18:00 pod PrÄ™gierzem we WrocÅ‚awiu protest ""Stop wojnie. WrocÅ‚aw dla Syrii"".  https://www.facebook.com/events/353212691848521/Â â€¦#niezapomnielismyowas pic.twitter.com/2YLg8oMpDB",https://twitter.com/GoTracz/status/976836215902261252,12,2,1,,#niezapomnielismyowas
2018-03-22,12:25:11,GoTracz,W piÄ…tek #StrajkKobiet w Warszawie. Jest autobus z WrocÅ‚awia.Prosimy osoby zainteresowane o kontakt na mail: wroclaw.osk@gmail.comNie pozwÃ³lmy na zaostrzenie prawa aborcyjnego!#StrajkKobiet #StrajkWszystkich#NieDlaZaostrzeniaUstawy #StopTheBan #JedziemyNaWarszawÄ™ pic.twitter.com/mjfnOI5aTd,https://twitter.com/GoTracz/status/976781831755444225,31,14,4,,"#StrajkKobiet,#StrajkKobiet,#StrajkWszystkich,#NieDlaZaostrzeniaUstawy,#StopTheBan,#JedziemyNaWarszawÄ™"
2018-03-20,10:02:18,GoTracz,"â€¼ï¸DoÅ‚Ä…czcie, podajcie dalej!#CzarnyPiÄ…tek // #StrajkKobiet = #StrajkWszystkichâ€¼ï¸ https://www.facebook.com/events/197600607498924/Â â€¦#BlackFriday #JedziemyNaWarszawÄ™ pic.twitter.com/84GcmFWW0D",https://twitter.com/GoTracz/status/976021101246590976,48,37,4,,"#CzarnyPiÄ…tek,#StrajkKobiet,#StrajkWszystkich,#BlackFriday,#JedziemyNaWarszawÄ™"
2018-03-19,18:49:20,GoTracz,Sejmowa Komisja SprawiedliwoÅ›ci pozytywnie zaopiniowaÅ‚a projekt ustawy zaostrzajÄ…cej obowiÄ…zujÄ…ce prawo dotyczÄ…ce aborcji.Protest @strajkkobiet juÅ¼ w piÄ…tek w caÅ‚ej Polsce:  https://www.facebook.com/events/197600607498924/Â â€¦Nie pozwÃ³lmy na zaostrzenie prawa aborcyjnego! BÄ…dÅºmy na ulicach!#czarnypiÄ…tek,https://twitter.com/GoTracz/status/975791346031132672,54,23,3,strajkkobiet,#czarnypiÄ…tek
2018-03-18,11:50:23,GoTracz,#SÅ‚owoNaNiedzielÄ™ #WieszakDlaBiskupa Zaraz idziemy na OstrÃ³w Tumski! pic.twitter.com/ft4ezib4xj,https://twitter.com/GoTracz/status/975323526373748736,16,2,0,,"#SÅ‚owoNaNiedzielÄ™,#WieszakDlaBiskupa"
2018-03-17,12:28:09,GoTracz,"Wczoraj mieliÅ›my spotkanie w GdaÅ„sku o starcie @Zieloni do sejmiku wojewÃ³dztwa pomorskiego jesieniÄ… 2018 roku.RozmawialiÅ›my takÅ¼e o sprawach lokalnych tj. przekop Mierzei WiÅ›lanej, wycinki w Parku TrÃ³jmiejskim, stan Zatoki Puckiej. #zielonesejmiki #zieloneroÅ›nie pic.twitter.com/Sxb15YmVjE",https://twitter.com/GoTracz/status/974970642863935488,13,2,0,Zieloni,"#zielonesejmiki,#zieloneroÅ›nie"
2018-03-16,10:49:09,GoTracz,"O 18:00 w Europejskim Centrum SolidarnoÅ›ci w GdaÅ„sku mamy spotkanie z Zielonymi oraz sympatykami i sympatyczkami o naszym starcie do sejmikÃ³w wojewÃ³dzkich.W tym czasie @KossakM jedzie do Rzeszowa, a potem Krosna i Sanoka. #zielonesejmiki #dziaÅ‚amy pic.twitter.com/pgHrXX4bTY",https://twitter.com/GoTracz/status/974583337460346881,8,3,2,KossakM,"#zielonesejmiki,#dziaÅ‚amy"
2018-03-15,13:51:12,GoTracz,"W broszurze o prawach kobiet w Europie wydanej przez @GreenEUJournal znajduje  siÄ™  http://m.inÂ . wywiad, ktÃ³ry przeprowadziÅ‚a ze mnÄ… @ElianaCapretti o sytuacji dot. praw reprodukcyjnych kobiet w Polsce, o #czarnyprotest i komitecie #RatujmyKobiety. ZachÄ™cam do lektury https://twitter.com/GreenEUJournal/status/974264705215815680Â â€¦",https://twitter.com/GoTracz/status/974266766020014080,11,8,0,"GreenEUJournal,ElianaCapretti","#czarnyprotest,#RatujmyKobiety"
2018-03-14,20:37:34,GoTracz,"Z @martalempart ze @strajkkobiet knujemy we WrocÅ‚awiu o rÃ³Å¼nych rzeczach, takÅ¼e wyborach samorzÄ…dowych. #PolskaDlaWszystkich #WrocÅ‚aw pic.twitter.com/7e62MSU33f",https://twitter.com/GoTracz/status/974006643401854978,15,2,2,"martalempart,strajkkobiet","#PolskaDlaWszystkich,#WrocÅ‚aw"
2018-03-13,17:26:55,GoTracz,"Na spotkaniu we WrocÅ‚awiu @barbaraanowacka, liderka @inicjatywaPL, opowiada o Polsce po PiSie, w ktÃ³rej bardzo istotnÄ… rolÄ™  powinny odgrywaÄ‡ ruchy spoÅ‚eczne i obywatelskie. Opozycja potrzebuje nie haseÅ‚ antyPiS, a realnej wizji i programu, w tym tego na wybory samorzÄ…dowe. pic.twitter.com/t6Hgerzn5M",https://twitter.com/GoTracz/status/973596275894603778,59,12,7,"barbaraanowacka,inicjatywaPL",
2018-03-13,11:14:00,GoTracz,"Na Ekoforum 2018 we WrocÅ‚awiu dyskusja o adaptacji miast do zmian klimatu.Ciekawe wykÅ‚ady o adaptacji  http://m.inÂ . poprzez zmiany w systemie planowania przestrzennego, zaprzestanie uszczelniania terenÃ³w miejskich, dbanie o bÅ‚Ä™kitno-zielonÄ… infrastrukturÄ™. pic.twitter.com/st9LGadpGf",https://twitter.com/GoTracz/status/973502430498508801,15,7,0,,
2018-03-10,13:00:56,GoTracz,59 rocznica stÅ‚umienia przez komunistyczne Chiny Powstania w Tybecie.W wielu miastach 10 marca powiewa tybetaÅ„ska flaga. We WrocÅ‚awiu jak co roku tworzymy Poczet Sztandarowy. #WolnyTybet pic.twitter.com/L1bMVFbEI5,https://twitter.com/GoTracz/status/972442176394334208,34,13,0,,#WolnyTybet
2018-03-09,20:58:24,GoTracz,"Bardzo udane spotkanie @ZieloniWro ğŸ’šğŸ’ªğŸŒ±  O planach dziaÅ‚ania na najbliÅ¼sze tygodnie, zielonych spotkaniach z wrocÅ‚awianami i wrocÅ‚awiankami. A takÅ¼e o ambitnych planach na wybory samorzÄ…dowe do sejmikÃ³w wojewÃ³dzkich oraz Rady Miejskiej WrocÅ‚awia. #zieloneroÅ›nie pic.twitter.com/KxihWmBmG0",https://twitter.com/GoTracz/status/972199946593226759,13,8,0,ZieloniWro,#zieloneroÅ›nie
2018-03-09,16:43:52,GoTracz,"MiÅ‚ka StÄ™pieÅ„, sekretara @Zieloni,  diagnozuje sytuacjÄ™ w Koninie i ocenia szanse na zielonÄ… transformacjÄ™ energetycznÄ… i gospodarczÄ… regionu. Bardzo dobry artykuÅ‚, wart przeczytania: https://www.reo.pl/konin-co-po-weglu/Â â€¦",https://twitter.com/GoTracz/status/972135892201680901,8,2,1,Zieloni,
2018-03-08,19:00:01,GoTracz,#JesteÅ›myWszÄ™dzie #8M #DzieÅ„Kobiet #WomensDay pic.twitter.com/Z7O9wWHQQJ,https://twitter.com/GoTracz/status/971807766527520768,32,10,1,,"#JesteÅ›myWszÄ™dzie,#8M,#DzieÅ„Kobiet,#WomensDay"
2018-03-08,13:16:46,GoTracz,"Drogie Panie, wszystkiego rewelacyjnego i feministycznego! KaÅ¼dego dnia prowadÅºmy wspÃ³lne dziaÅ‚ania na rzecz sprawiedliwego i rÃ³wnego spoÅ‚eczeÅ„stwa, w ktÃ³rym kobiety i mÄ™Å¼czyÅºni majÄ… te same prawa, ale i te same obowiÄ…zki. #WeCanDoThis#DzieÅ„Kobiet #WomensDay #GreensGoPurple pic.twitter.com/xDJ3cTk6tw",https://twitter.com/GoTracz/status/971721382953353216,28,7,2,,"#WeCanDoThis,#DzieÅ„Kobiet,#WomensDay,#GreensGoPurple"
2018-03-06,18:55:02,GoTracz,"With @KossakM after a good meeting about Poland, Europe and the upcoming election to the European Parliament with @bueti, the co-spokesperson for @europeangreens pic.twitter.com/W5lTQpl5NS",https://twitter.com/GoTracz/status/971081737710301184,20,6,1,"KossakM,bueti,europeangreens",
2018-03-04,19:51:46,GoTracz,"Bardzo dziÄ™kujÄ™ Obywatele dla Polski - KÅ‚odzko oraz Strajk Kobiet KÅODZKO za organizacjÄ™ dzisiejszego spotkania z Zielonymi.ByÅ‚o nam bardzo miÅ‚o siÄ™ spotkaÄ‡ i porozmawiaÄ‡. A takÅ¼e usÅ‚yszeÄ‡, Å¼e powstanÄ… koÅ‚a Zielonych w KÅ‚odzku i MiÄ™dzylesiu. Zielone roÅ›nie ğŸŒ± pic.twitter.com/S9bzX6tLGL",https://twitter.com/GoTracz/status/970371237573791744,19,5,3,,
2018-03-03,16:07:53,GoTracz,"Jutro o godz. 17:00 w KÅ‚odzku bÄ™dziemy rozmawiaÄ‡ o demokracji, Zielonych i wyborach samorzÄ…dowych. Serdecznie zapraszam :) https://www.facebook.com/events/169382180370686/Â â€¦I dziÄ™kujÄ™ Obywatele dla Polski - KÅ‚odzko, Strajk Kobiet KÅODZKO za organizacjÄ™ wydarzenia. pic.twitter.com/OwQLWDUxm4",https://twitter.com/GoTracz/status/969952510269063169,8,2,0,,
2018-03-02,11:24:40,GoTracz,"We wtorek razem z @KossakM goÅ›ciliÅ›my u Jacka Å»akowskiego w Rozmowie Dnia w @tvsuperstacja.RozmawialiÅ›my o polskiej dyplomacji, sytuacji politycznej oraz o samodzielnym starcie @Zieloni do sejmikÃ³w wojewÃ³dzkich. ZachÄ™camy do oglÄ…dania:  http://www.superstacja.tv/program/rozmowa-dnia-malgorzata-tracz-marek-kossakowski,6710288/Â â€¦",https://twitter.com/GoTracz/status/969518846171402241,4,1,0,"KossakM,tvsuperstacja,Zieloni",
2018-03-02,11:11:38,GoTracz,Dzisiaj piÄ…tek? W takim razie jadÄ™ do Szczecina! Na zielone spotkanie o walce miast ze zmianami klimatu oraz starcie Zielonych do sejmikÃ³w wojewÃ³dzkich. @Zieloni #zielonesejmiki pic.twitter.com/OVNHQKmhxI,https://twitter.com/GoTracz/status/969515567957921792,15,4,1,Zieloni,#zielonesejmiki
2018-02-27,18:42:25,GoTracz,Zaraz zaczynamy RozmowÄ™ Dnia z Jackiem Å»akowskim w @tvsuperstacja. ZachÄ™camy do oglÄ…dania. pic.twitter.com/k0gndjLpf8,https://twitter.com/GoTracz/status/968541848544468993,8,1,0,tvsuperstacja,
2018-02-27,15:55:52,GoTracz,DziÅ› o godz 18:40 bÄ™dziemy z @KossakM u Jacka Å»akowskiego w Rozmowie Dnia w Superstacji. Zapraszamy do oglÄ…dania :) https://twitter.com/DanielKaszubows/status/968496319638724608Â â€¦,https://twitter.com/GoTracz/status/968499934394757120,13,6,0,KossakM,
2018-02-26,12:49:58,GoTracz,"Rewelacyjna Ela HoÅ‚oweÅ„ko - artystka, od wielu lat dziaÅ‚ajÄ…ca w @Zieloni w rozmowie z @JaroslawKuzniar o sÅ‚ynnym zielonym transparencie  Polka Nie-podlegÅ‚a, o Å¼yciu, prawach kobiet i feminizmie.  ""To kobiety muszÄ… zmieniÄ‡ ten Å›wiat!"" - peÅ‚na zgoda. https://vod.pl/programy-onetu/onet-rano-elzbieta-holowenko-2602/4vkc3beÂ â€¦",https://twitter.com/GoTracz/status/968090762293448704,31,7,0,"Zieloni,JaroslawKuzniar",
2018-02-22,19:46:24,GoTracz,"JuÅ¼ za chwilÄ™, o godz. 20:00, @Ula_Zielinska z ZarzÄ…du Krajowego @Zieloni bÄ™dzie w @PolsatNews2 w programie â€Prawy do lewegoâ€ komentowaÅ‚a dzisiejszÄ… decyzjÄ™ TrybunaÅ‚u SprawiedliwoÅ›ci UE, ktÃ³ry orzekÅ‚ , Å¼e polski rzÄ…d zÅ‚amaÅ‚ unijne przepisy dotyczÄ…ce jakoÅ›ci powietrza. pic.twitter.com/UYw22u1obe",https://twitter.com/GoTracz/status/966746010478358531,12,4,1,"Ula_Zielinska,Zieloni,PolsatNews2",
2018-02-22,11:16:35,GoTracz,"ElÅ¼bieta HoÅ‚oweÅ„ko, twÃ³rczyni transaprentu #PolkaNiepodlegÅ‚a i Marcin Krawczyk z @Zieloni prawomocnie uniewinnieni w procesie o zniewaÅ¼enie znaku Polski WalczÄ…cej!Zostali uniewinnieni przez sÄ…d apelacyjny, do ktÃ³rego zaskarÅ¼enie od zeszÅ‚orocznego wyroku zÅ‚oÅ¼yÅ‚a policja.",https://twitter.com/GoTracz/status/966617710342950912,164,34,14,Zieloni,#PolkaNiepodlegÅ‚a
2018-02-17,19:51:39,GoTracz,"MiÅ‚o mi poinformowaÄ‡, Å¼e wraz z @KossakM zostaliÅ›my wybrani przewodniczÄ…cymi @Zieloni.Bardzo dziÄ™kujemy za zaufanie. BÄ™dziemy dalej  ciÄ™Å¼ko pracowaÄ‡, by zielone idee byÅ‚y obecne w uchwaÅ‚ach przyszÅ‚ych wÅ‚adz samorzÄ…dowych, pracach Parlamentu Europejskiego i ustawach  w Sejmie. pic.twitter.com/NQgyXTKCu7",https://twitter.com/GoTracz/status/964935389411794944,38,4,5,"KossakM,Zieloni",
2018-02-17,15:46:45,GoTracz,".@Zieloni wystawiÄ… wÅ‚asne listy w wyborach do sejmikÃ³w wojewÃ³dzkich! Zapraszamy na nie ruchy kobiece, prozwierzÄ™ce i ekologiczne oraz wszystkich, ktÃ³rzy podzielajÄ… zielone wartoÅ›ci ğŸ’š #zieloneroÅ›nie #ZieloneSejmiki #ZielonaEnergia #ZielonyKongres pic.twitter.com/RE9j5vKBVP",https://twitter.com/GoTracz/status/964873760598904832,15,9,2,Zieloni,"#zieloneroÅ›nie,#ZieloneSejmiki,#ZielonaEnergia,#ZielonyKongres"
2018-02-16,09:38:34,GoTracz,"Do Warszawy!DziÅ› spotkania z org. pozarzadowymi zajmujÄ…cymi siÄ™ prawami zwierzÄ…t oraz dot. Zielonego Letniego Uniwersytetu 2018.W weekend #zielonykongres @Zieloni, na ktÃ³rym razem z @KossakM bÄ™dziemy ubiegaÄ‡ siÄ™ o reelekcjÄ™ na stanowisko przewodniczÄ…cych. Stay tuned! ğŸŒ±ğŸŒâ™¥ï¸ pic.twitter.com/HSg5X93O7P",https://twitter.com/GoTracz/status/964418717709824001,23,5,3,"Zieloni,KossakM",#zielonykongres
2018-02-14,21:27:25,GoTracz,Dzisiaj taÅ„czyÅ‚yÅ›my i taÅ„czyÅ‚yÅ›my we WrocÅ‚awiu przeciwko przemocy wobec kobiet w ramach akcji #OneBillionRising. ByÅ‚a moc :)| pic.twitter.com/GdsKK6qiK4,https://twitter.com/GoTracz/status/963872326323458049,55,13,1,,#OneBillionRising
2018-02-14,12:47:47,GoTracz,Dzisiaj o godz. 19:00 jak co roku taÅ„czymy na wrocÅ‚awskim Rynku przeciwko przemocy wobec kobiet. W zwiÄ…zku z utrzymujÄ…cym siÄ™ we WrocÅ‚awiu #smog.iem i w trosce o  zdrowie uczestniczek i uczestnikÃ³w #OneBillionRising Partia Zieloni zapewni maski antysmogowe. @ZieloniWro pic.twitter.com/myArZwTKke,https://twitter.com/GoTracz/status/963741558024687616,14,5,0,ZieloniWro,"#smog,#OneBillionRising"
2018-02-12,18:37:33,GoTracz,"Trwa spotkanie @ZieloniWro. Rozmawiamy o polityce miejskiej, europejskiej oraz dalszych planach dziaÅ‚ania ğŸŒ±ğŸ€â™¥ï¸ pic.twitter.com/MikQW4GDeW",https://twitter.com/GoTracz/status/963104805861429248,15,6,1,ZieloniWro,
2018-02-10,15:27:31,GoTracz,"#gÄ…sieniceTour we WrocÅ‚awiu. Razem z koleÅ¼ankami i kolegami z KOD, Razem, IP, OSK i Kongresem Kobiet. pic.twitter.com/BczMT3VbYo",https://twitter.com/GoTracz/status/962332203672883201,34,7,2,,#gÄ…sieniceTour
2018-02-10,12:53:46,GoTracz,Sobotnie przedpoÅ‚udnie upÅ‚ynÄ™Å‚o na prÃ³bie taÅ„ca do walentynkowego wydarzenia One Billion Rising.We WrocÅ‚awiu taÅ„czymy przeciwko przemocy od 2013 roku. JuÅ¼ w najbliÅ¼szÄ… Å›rodÄ™ o godz. 19:00 na Rynku:  https://www.facebook.com/events/528347410861870/Â â€¦#OneBillionRisingWrocÅ‚aw #walentynki2018 #OBR pic.twitter.com/CK1PWIGYEC,https://twitter.com/GoTracz/status/962293510119591936,17,3,1,,"#OneBillionRisingWrocÅ‚aw,#walentynki2018,#OBR"
2018-02-06,11:46:16,GoTracz,"Prezydent Duda wybraÅ‚ najgorsze z moÅ¼liwych rozwiÄ…zaÅ„.ZapowiedziaÅ‚ podpisanie kontrowesyjnej #ustawaIPN  i skierowanie w trybie nastÄ™pczym do TK. UlegÅ‚ Å¼Ä…daniom nacjonalistÃ³w, cenÄ… bÄ™dzie nowa odsÅ‚ona konfliktu dyplomatycznego i podporzÄ…dkowania historii bieÅ¼Ä…cej polityce.",https://twitter.com/GoTracz/status/960826973667909632,29,5,2,,#ustawaIPN
2018-02-05,13:50:39,GoTracz,"Po Poznania! Na spotkanie z Zielonymi z Wielkopolski, porozmawiaÄ‡ o wyborach samorzÄ…dowych i zielonych sejmikach wojewÃ³dzkich. W tle oczywiÅ›cie wrocÅ‚awski dworzec <3#zielonesejmiki #zieloni #wybory #podrÃ³Å¼ #Wroclaw #poznan @Zieloni pic.twitter.com/hZMYMsgyCb",https://twitter.com/GoTracz/status/960495888933314561,22,3,1,Zieloni,"#zielonesejmiki,#zieloni,#wybory,#podrÃ³Å¼,#Wroclaw,#poznan"
2018-02-03,17:43:21,GoTracz,"O walce miast z globalnym ociepleniem, duÅ¼ej roli racjonalnego gospodarowania odpadami, recyklingu ciepÅ‚a i rozwiÄ…zaniach w zakresie zielonego transportu publicznego opowiada @RokickaJulia, przewodniczÄ…ca @ZieloniWro i wspÃ³Å‚zaÅ‚oÅ¼ycielka Stow. Biorecykling. #miastotruje #debata pic.twitter.com/0wD27HhpaA",https://twitter.com/GoTracz/status/959829674661642241,18,3,1,"RokickaJulia,ZieloniWro","#miastotruje,#debata"
2018-02-03,17:13:54,GoTracz,"Na debacie ""Czy miasto musi nas truÄ‡?"" organizowanej przez @RazemWroclaw. @ZieloniWro reprezentuje @RokickaJulia - wspÃ³Å‚przewodniczÄ…ca koÅ‚a. Ola Zienkiewicz - @miastodrzew, Radek Lesisz z @alarm_smogowyDS oraz @RobertMaslak z @RazemWroclaw. Zapowiada siÄ™ ciekawa dyskusja. pic.twitter.com/tfpGsjqIKQ",https://twitter.com/GoTracz/status/959822260633817088,18,6,0,"RazemWroclaw,ZieloniWro,RokickaJulia,miastodrzew,alarm_smogowyDS,RobertMaslak",
2018-02-02,19:10:48,GoTracz,"Na spotkaniu z @ObywateleRP we WrocÅ‚awiu. @Zieloni zawsze tam, gdzie trzeba. pic.twitter.com/g38gijkTVs",https://twitter.com/GoTracz/status/959489294833418240,25,4,2,"ObywateleRP,Zieloni",
2018-01-29,17:01:41,GoTracz,"Z @KossakM - wspÃ³Å‚przewodniczÄ…cym @Zieloni rozmawialiÅ›my dziÅ› z szefowÄ… @Nowoczesna - @KLubnauer.Do wyborÃ³w razem nie pÃ³jdziemy, ale jesteÅ›my otwarci na wspÃ³Å‚dziaÅ‚anie w obszarach, w ktÃ³rych mamy zbliÅ¼one stanowisko i moÅ¼emy dziaÅ‚aÄ‡ dla dobra Polski. pic.twitter.com/XMaAxXB0wb",https://twitter.com/GoTracz/status/958007248344764416,37,6,3,"KossakM,Zieloni,Nowoczesna,KLubnauer",
2018-01-29,11:09:23,GoTracz,"DziÅ› razem z @KossakM rozmawialiÅ›my z @barbaraanowacka o  politycznej wspÃ³Å‚pracy i wyborach w 2018 i 2019 roku. Czas na progresywnych politykÃ³w i polityczki, ktÃ³rzy wezmÄ… odpowiedzialnoÅ›Ä‡ za PolskÄ™, potrafiÄ… wspÃ³Å‚pracowaÄ‡ ze sobÄ… oraz z obywatelkami i obywatelami! pic.twitter.com/PKmIL3sU8D",https://twitter.com/GoTracz/status/957918588425461761,22,4,5,"KossakM,barbaraanowacka",
2018-01-28,11:48:48,GoTracz,JuÅ¼ jesteÅ›my na konwencji Nasza PrzyszÅ‚oÅ›Ä‡! #konwencja #Zieloni #IP #naszaprzyszÅ‚oÅ›Ä‡ pic.twitter.com/qyVcC1wg3h,https://twitter.com/GoTracz/status/957566120264859649,27,5,1,,"#konwencja,#Zieloni,#IP,#naszaprzyszÅ‚oÅ›Ä‡"
2018-01-28,09:19:16,GoTracz,"ObowiÄ…zkowa lektura na dziÅ›: ""Polski faszyzm: oczy szeroko zamkniÄ™te"" @JHarlukowicz. NeofaszyÅ›ci i rasiÅ›ci od lat sÄ… obecni w przestrzeni pub. i polit. Tolerowani, a nawet wprowadzani do Sejmu, i to przed 2015, przez politykÃ³w. PotÄ™pienie ich dziaÅ‚aÅ„ jest spÃ³Åºnione o Ä‡wierÄ‡ wieku pic.twitter.com/B5LBsv4moC",https://twitter.com/GoTracz/status/957528487182716928,26,7,2,JHarlukowicz,
2018-01-28,06:55:27,GoTracz,"DzieÅ„ dobry <3TrochÄ™ wieje, ale to moÅ¼e nie bÄ™dziecie mieÄ‡ smogu we WrocÅ‚awiu.Ja w drodze do Warszawy na spotkanie w sprawie dalszej wspÃ³Å‚pracy w ramach ""Ratujmy kobiety"" i moÅ¼e nie tylko...MiÅ‚ej niedzieli! pic.twitter.com/0yacelXWwD",https://twitter.com/GoTracz/status/957492294973829121,18,2,1,,
2018-01-27,20:28:21,GoTracz,Herzliche GlÃ¼ckwÃ¼nsche von der Partei die GrÃ¼nen! https://twitter.com/Die_Gruenen/status/957241647754104833Â â€¦,https://twitter.com/GoTracz/status/957334483086258177,5,2,0,,
2018-01-24,11:38:50,GoTracz,DziÅ› na pierwszej stronie @gaz_wroclawska materiaÅ‚ poÅ›wiÄ™cony obniÅ¼kom pÅ‚ac netto na Uni Wro i in. uczelniach. To kolejny tekst po interwencji @arystobeles z zarzÄ…du @ZieloniWro i wspieraniu przez nas pracownikÃ³w w nagÅ‚aÅ›nianiu sprawy.BÄ™dziemy dalej sprawÄ™ monitorowaÄ‡ i pomagaÄ‡ pic.twitter.com/lCskjdXD72,https://twitter.com/GoTracz/status/956114062554882048,11,4,0,"gaz_wroclawska,arystobeles,ZieloniWro",
2018-01-23,21:59:20,GoTracz,Razem ze wspÃ³Å‚przewodniczÄ…cym @Zieloni @KossakM juÅ¼ za chwilÄ™ rozpoczynamy rozmowÄ™ i drinka u Jej PerfekcyjnoÅ›Ä‡ ğŸ’šğŸŒˆğŸ·â˜•ZachÄ™camy do oglÄ…dania online od godz. 22:00 na  http://facebook.com/JejPerfekcyjnoscÂ â€¦ pic.twitter.com/7JCo6eZiC3,https://twitter.com/GoTracz/status/955907825645113344,9,0,0,"Zieloni,KossakM",
2018-01-23,12:41:35,GoTracz,"MÃ³j gÅ‚os w dyskusji o tym, czy, w jaki sposÃ³b i po co jednoczyÄ‡ lewicÄ™.""Potrzebna jest partnerska i koalicyjna wspÃ³Å‚praca, otwarta na wszystkich, ktÃ³rzy podzielajÄ… podstawowe progresywne i obywatelskie wartoÅ›ci."" @Zieloni  sÄ… gotowi na szerokÄ… wspÃ³Å‚pracÄ™. http://bit.ly/2BnYUVqÂ ",https://twitter.com/GoTracz/status/955767464083804160,38,5,9,Zieloni,
2018-01-23,10:42:34,GoTracz,DziÅ› o godz. 22:00 bÄ™dziemy razem z @KossakM na drinku u @Perfekcyjnosc ğŸ’šğŸŒˆğŸ·â˜•Czujemy siÄ™ zaszczyceni i zachÄ™camy do oglÄ…dania na  http://facebook.com/JejPerfekcyjnoscÂ â€¦ http://bit.ly/2DDjjecÂ  pic.twitter.com/gVmhmhMere,https://twitter.com/GoTracz/status/955737515092307968,15,3,0,"KossakM,Perfekcyjnosc",
2018-01-21,08:08:57,GoTracz,"DzieÅ„ dobry <3Jeszcze we wrocÅ‚awskim tramwaju, ale juÅ¼ w drodze do Åodzi.Na spotkanie z Zielonymi przyjaciÃ³Å‚mi i przyjaciÃ³Å‚kami, porozmawiaÄ‡ o mieÅ›cie, najbliÅ¼szych dziaÅ‚aniach i zielonych planach na przyszÅ‚oÅ›Ä‡. Zielone roÅ›nie ğŸŒ±MiÅ‚ej niedzieli! #green #active #travel #ÅÃ³dÅº pic.twitter.com/yqGzLw5XrG",https://twitter.com/GoTracz/status/954974077231554560,18,2,0,,"#green,#active,#travel,#ÅÃ³dÅº"
2018-01-19,23:09:54,GoTracz,MiÅ‚ka Stepien - sekretara @Zieloni oraz @GawlikRadoslaw o przyszÅ‚oÅ›ci energetyki w Koninie. Bardzo waÅ¼ny temat zielonej transformacji energetycznej.  Zielone roÅ›nie ğŸŒ±ğŸ’šğŸŒ https://lajt.lm.pl/aktualnosci/informacja/113512/jak_wyglada_energetyczna_przyszlosc_konina_dyskutowano_o_tymÂ â€¦ pic.twitter.com/87jBiFsBDW,https://twitter.com/GoTracz/status/954476033306189825,14,6,1,"Zieloni,GawlikRadoslaw",
2018-01-19,11:38:52,GoTracz,"Wczoraj w CzÄ™stochowie razem z Zielonymi, aktywistami i politykami miejskimi rozmawialiÅ›my o polityce miast ws. zmian klimatu, sytuacji samorzÄ…du w Polsce, zielonych ideach, a takÅ¼e o #zielonesejmiki.Bardzo dynamiczne i interaktywne spotkanie. WiÄ™cej spotkaÅ„ juÅ¼ wkrÃ³tce! ğŸŒ± pic.twitter.com/12qDTf5vB1",https://twitter.com/GoTracz/status/954302128947949569,18,3,1,,#zielonesejmiki
2018-01-19,01:02:05,GoTracz,@KluczkaOla @MartinSaczek DziÄ™kujÄ™ bardzo za spotkanie. MiÅ‚o byÅ‚o poznaÄ‡ i do szybkiego zobaczenia :),https://twitter.com/GoTracz/status/954141877703467008,5,0,1,"MartinSaczek,KluczkaOla",
2018-01-17,19:37:10,GoTracz,Hi @TerryReintke! Thank you for the umbrella. It's perfect for #blackprotest #CzarnyProtest pic.twitter.com/5TV3yX9iU4,https://twitter.com/GoTracz/status/953697722745442304,42,11,0,TerryReintke,"#blackprotest,#CzarnyProtest"
2018-01-17,18:02:00,GoTracz,The best transparent today! #blackprotest #CzarnyProtest pic.twitter.com/Z9tRnBuEl7,https://twitter.com/GoTracz/status/953673771281469440,163,69,9,,"#blackprotest,#CzarnyProtest"
2018-01-15,14:23:05,GoTracz,"Razem z mieszkaÅ„cami i mieszkankami protestowalismy przeciwko wycince kilkuset drzew w Parku GrabiszyÅ„skim. DziÅ› podejmiemy kolejne kroki. DziaÅ‚aÄ‡ trzeba szybko, bo wycinajÄ… kilkudziesiÄ™cioletnie zdrowe drzewa!#ratujmyGrabiszyÅ„ski pic.twitter.com/dWLJieyekM",https://twitter.com/GoTracz/status/952893905393111040,58,20,3,,#ratujmyGrabiszyÅ„ski
2018-01-14,12:15:40,GoTracz,"Po raz kolejny o prawach kobiet rozmawiajÄ… sami mÄ™Å¼czyÅºni. A tyle wspaniaÅ‚ych kobiet jest zaangaÅ¼owanych w @RatujmyKobiety, dziaÅ‚a spoÅ‚ecznie i politycznie. Ale panowie pewnie myÅ›lÄ…, Å¼e wiedzÄ… lepiej. OtÃ³Å¼: nie wiecie! https://twitter.com/DziewuchyLodz/status/952493854296600576Â â€¦",https://twitter.com/GoTracz/status/952499452090175488,41,12,5,RatujmyKobiety,
2018-01-13,16:04:07,GoTracz,"W Krakowie na proteÅ›cie ""#czarnyprotest Koniec kompromisÃ³w"". @Zieloni zawsze tam, gdzie trzeba. DziÄ™kujemy @razemmalopolska za zaproszenie! @RatujmyKobiety pic.twitter.com/ZJ3teyg9ls",https://twitter.com/GoTracz/status/952194556665135104,45,9,0,"Zieloni,razemmalopolska,RatujmyKobiety",#czarnyprotest
2018-01-13,08:37:07,GoTracz,"DzieÅ„ dobry â™¥ï¸W drodze do Krakowa, by pomÃ³c w zazielenianiu samorzÄ…du ğŸŒ±ğŸŒ³ğŸ€Dawno dworca wrocÅ‚awskiego nie wrzucaÅ‚am, a wiem, Å¼e jak i ja bardzo go lubicie:)#zielonesejmiki #zieloneroÅ›nie #zielonesamorzÄ…dy pic.twitter.com/ZTSartymqD",https://twitter.com/GoTracz/status/952082064240730112,33,5,0,,"#zielonesejmiki,#zieloneroÅ›nie,#zielonesamorzÄ…dy"
2018-01-12,19:45:40,GoTracz,JuÅ¼ o 20:00 @KossakM - przewodniczÄ…cy @Zieloni u Wojciecha Orlinskiego w @Radio_TOK_FM Radio juÅ¼ wÅ‚Ä…czone :),https://twitter.com/GoTracz/status/951887923737219079,10,2,0,"KossakM,Zieloni,Radio_TOK_FM",
2018-01-11,18:04:53,GoTracz,"""Musimy zorganizowaÄ‡ siÄ™ same na 17 stycznia, by walczyÄ‡ o prawa kobiet. Opozycja nas oszukaÅ‚a"" - @martalempart we WrocÅ‚awiu. Tylko my zostaÅ‚yÅ›my na placu boju! #ratujmykobiety #PrawaKobiet pic.twitter.com/Mkfp1NBb9D",https://twitter.com/GoTracz/status/951500171350814721,43,15,4,martalempart,"#ratujmykobiety,#PrawaKobiet"
2018-01-11,18:00:23,GoTracz,Zaraz zaczynamy pod pregierzem! #RatujmyKobiety #PrawaKobiet #osk #siÅ‚akobiet pic.twitter.com/6CYBKt7jeK,https://twitter.com/GoTracz/status/951499037387173889,27,9,2,,"#RatujmyKobiety,#PrawaKobiet,#osk,#siÅ‚akobiet"
2018-01-11,15:24:43,GoTracz,"CiÄ™Å¼ko nie byÄ‡ symetrystkÄ…, gdy patrzy siÄ™ na polski parlament.W wyborach i do Sejmu, i do PE, i do samorzÄ…du wybierajmy politykÃ³w i polityczki, ktÃ³rzy wierzÄ…, Å¼e ich gÅ‚os coÅ› znaczy. Po co nam inni? Do uciekania i wyciÄ…gania karty podczas gÅ‚osowaÅ„ nad obywatelskimi projektami? pic.twitter.com/YV4dzBimfg",https://twitter.com/GoTracz/status/951459861992296448,20,8,0,,
2018-01-10,17:04:09,GoTracz,"#SejmDoWymiany! CaÅ‚y. Wstyd. Projekt @RatujmyKobiety , pod ktÃ³rym podpisaÅ‚y siÄ™ tysiÄ…ce osÃ³b, wg posÅ‚Ã³w i posÅ‚anek partii rzÄ…dzÄ…cej i #ZjednoczonaOpozycja nie zasÅ‚uguje nawet na wysÅ‚uchanie. @barbaraanowacka przemawia do pustej sali. pic.twitter.com/zVaL0f4lRD",https://twitter.com/GoTracz/status/951122497453416448,41,18,10,"RatujmyKobiety,barbaraanowacka","#SejmDoWymiany,#ZjednoczonaOpozycja"
2018-01-10,16:21:48,GoTracz,"Dobra wiadomoÅ›Ä‡ na dziÅ›: obroÅ„cy i obroÅ„czynie Puszczy BiaÅ‚owieskiej uniewinnieni przez SÄ…d Rejonowy w HajnÃ³wce ğŸ’šğŸ’›ğŸ§¡â¤SÄ…d uznaÅ‚, Å¼e aktywistki i aktywiÅ›ci dziaÅ‚ali w stanie wyÅ¼szej koniecznoÅ›ci.#CaÅ‚aPuszczaParkiemNarodowym #CPPN http://bialystok.wyborcza.pl/bialystok/7,35241,22878566,obroncy-puszczy-bialowieskiej-uniewinnieni-aktualizujemy.htmlÂ â€¦",https://twitter.com/GoTracz/status/951111842746781696,8,1,0,,"#CaÅ‚aPuszczaParkiemNarodowym,#CPPN"
2018-01-09,12:17:37,GoTracz,@RudaZolza2106 Czekamy. Gorzej chyba byÄ‡ nie moÅ¼e.,https://twitter.com/GoTracz/status/950688004221407232,0,0,1,RudaZolza2106,
2018-01-09,12:13:39,GoTracz,Szyszko spadÅ‚. Natura siÄ™ raduje ğŸŒ³ğŸŒ²ğŸŒ±ğŸŒ¿ğŸºğŸ¦ŠğŸ¦ŒğŸ—,https://twitter.com/GoTracz/status/950687003682721792,38,7,0,,
2018-01-07,16:42:44,GoTracz,"WrocÅ‚aw - kolejne pobicie na tle rasowym :( NadziejÄ™ w ludzi przywraca to, Å¼e znalazÅ‚a siÄ™ osoba, ktÃ³ra stanÄ™Å‚a w obronie Hindusa i prÃ³bowaÅ‚a powstrzymaÄ‡ oprychÃ³w. Hindus pobity na przystanku w centrum WrocÅ‚awia https://at9e8.app.goo.gl/FYJLÂ ",https://twitter.com/GoTracz/status/950029945912389634,11,3,2,,
2018-01-07,12:11:19,GoTracz,We WrocÅ‚awiu trwa protest przeciwko przywilejom myÅ›liwych. #NieDlaRzeczypospolitejMyÅ›liwskiej pic.twitter.com/ceJ4O5kb9u,https://twitter.com/GoTracz/status/949961641105469440,97,18,0,,#NieDlaRzeczypospolitejMyÅ›liwskiej
2018-01-05,20:18:36,GoTracz,@Zieloni @jozefowicz @KossakM @JakubKarczynski DziÄ™kujÄ™ :),https://twitter.com/GoTracz/status/949359496132005890,0,0,0,"JakubKarczynski,KossakM,jozefowicz,Zieloni",
2018-01-05,11:42:32,GoTracz,"WrocÅ‚aw, niedziela, godz. 12:00, ul. OÅ‚awska. Protest przeciwko proponowanemu przez myÅ›liwych i dla myÅ›liwych prawu Å‚owieckiemu:  http://bit.ly/2Cu8FCUÂ Organizowany przez @Fundacja_Viva i #WrocÅ‚awianiePrzeciwkoMyÅ›liwym PokaÅ¼my, Å¼e nie zgdadzamy siÄ™ na RzeczpospolitÄ… MyÅ›liwskÄ…! pic.twitter.com/AzsM1v9DKg",https://twitter.com/GoTracz/status/949229624571121665,2,1,0,Fundacja_Viva,#WrocÅ‚awianiePrzeciwkoMyÅ›liwym
2018-01-05,11:35:14,GoTracz,"Tak gÅ‚osowaÅ‚y @Nowoczesna, @Platforma_org i @nowePSL w sprawie przywilejÃ³w dla myÅ›liwych. RÄ™ka w rÄ™kÄ™ z PiS i Kukizem. Za sprawÄ… tej ustawy myÅ›liwi bÄ™dÄ… mogli wyrzucaÄ‡ z lasÃ³w ludzi i polowaÄ‡ w rezerwatach. Warto podpisaÄ‡ apel  http://petycja.pracownia.org.pl/petycja/nie-dla-rzeczpospolitej-mysliwskiejÂ â€¦ i byÄ‡ na protestach. https://twitter.com/NataliaSawka/status/949224820570550274Â â€¦",https://twitter.com/GoTracz/status/949227787411513344,19,8,3,"Nowoczesna,Platforma_org,nowePSL",
2018-01-04,18:40:14,GoTracz,Uniwersytet WrocÅ‚awski wysÅ‚aÅ‚ pracownikom i pracownicom kwieciste Å¼yczenia noworoczne. Adresaci nie znaleÅºli w nich informacji o niÅ¼szych pensjach dla pracownikÃ³w dydaktycznych od nowego roku. Nie byÅ‚o teÅ¼ osobnego pisma w tej sprawie.  to niedopuszczalne zaniedbanie :( https://twitter.com/ZieloniWro/status/948953142292615169Â â€¦,https://twitter.com/GoTracz/status/948972352355946496,7,4,0,,
