id,conversation_id,created_at,date,time,timezone,user_id,username,name,place,tweet,mentions,urls,photos,replies_count,retweets_count,likes_count,location,hashtags,link,retweet,quote_url,video
1091460793353363456,1091460793353363456,1549059506000,2019-02-01,23:18:26,CET,62617889,4cosmictweets,Pat B.,,A Reminder... #Twitter #Quotes #TwitterQuotes2liveBy #Love #Light #Joy #Peace pic.twitter.com/sKzTJ0ZTob,,[],['https://pbs.twimg.com/media/DyWlIOzXQAA37b-.jpg'],0,0,0,,"['#twitter', '#quotes', '#twitterquotes2liveby', '#love', '#light', '#joy', '#peace']",https://twitter.com/4CosmicTweets/status/1091460793353363456,,,0
1091459245495726082,1091459245495726082,1549059137000,2019-02-01,23:12:17,CET,912617985084465152,leroy_pompell,Leroy Pompell,,#JOY...JOKES ON YOU!!!!!!!!!  pic.twitter.com/pPCnsmz4r1,,[],['https://pbs.twimg.com/media/DyWkY9TWkAAdfW6.jpg'],0,0,0,,['#joy'],https://twitter.com/leroy_pompell/status/1091459245495726082,,,0
1091459135990722561,1091459135990722561,1549059111000,2019-02-01,23:11:51,CET,2803788834,makingmultiples,Stacy Wandick,,Hard to believe we‚Äôre already 1 month into 2019. #love #february #joy #peace #beautylover #wellwishes #linkinbio #stayathomemom #businesswoman #welcome #positivevibes‚Ä¶  https://www.instagram.com/makingmultiples/p/BtWwArFFdvE/?utm_source=ig_twitter_share&igshid=13eecwqim05ii¬†‚Ä¶,,['https://www.instagram.com/makingmultiples/p/BtWwArFFdvE/?utm_source=ig_twitter_share&igshid=13eecwqim05ii'],[],0,0,0,,"['#love', '#february', '#joy', '#peace', '#beautylover', '#wellwishes', '#linkinbio', '#stayathomemom', '#businesswoman', '#welcome', '#positivevibes']",https://twitter.com/MakingMultiples/status/1091459135990722561,,,0
1091459123126984705,1091459123126984705,1549059107000,2019-02-01,23:11:47,CET,1027586652414332929,solaf71637751,solaf,,PHOENIX MARIE HORNY WOMEN  #dirty #milf #blonde #teen #hot #taboo #xxx #porn #kinky #freaky #pussy #lesbian #blowjob #FinDom #paypig #nsfw #sex #beautiful #ass #tits #slut #happy #joy #babes #panties #adult #gorgeous #teens #sexy #orgy #milf http://wolrdpronew.pro/ee/img/6.html¬†,,['http://wolrdpronew.pro/ee/img/6.html'],[],0,2,2,,"['#dirty', '#milf', '#blonde', '#teen', '#hot', '#taboo', '#xxx', '#porn', '#kinky', '#freaky', '#pussy', '#lesbian', '#blowjob', '#findom', '#paypig', '#nsfw', '#sex', '#beautiful', '#ass', '#tits', '#slut', '#happy', '#joy', '#babes', '#panties', '#adult', '#gorgeous', '#teens', '#sexy', '#orgy', '#milf']",https://twitter.com/solaf71637751/status/1091459123126984705,,,0
1091458820168134657,1091458820168134657,1549059035000,2019-02-01,23:10:35,CET,889979805415985153,loja_dayara,Nathalie Loja Ramirez,,I won 1st Prize @youthcomm contest. I think this is the happiest I‚Äôve been in years and it‚Äôs also the proudest moment in my writing so far. Thx!! #writer #winner #shock #happiness #surreal #feeling #published #writing #ycteen #magazine #grateful #firstplace #joy #yes #lgbt #lgbtq pic.twitter.com/4RuaIR0yJo,['youthcomm'],[],['https://pbs.twimg.com/media/DyWj-ZLWoAAwY-e.jpg'],0,0,0,,"['#writer', '#winner', '#shock', '#happiness', '#surreal', '#feeling', '#published', '#writing', '#ycteen', '#magazine', '#grateful', '#firstplace', '#joy', '#yes', '#lgbt', '#lgbtq']",https://twitter.com/loja_dayara/status/1091458820168134657,,,0
1091457519933972481,1091457519933972481,1549058725000,2019-02-01,23:05:25,CET,146324614,carlolight,Carl Barbarotto,,"Solitary pink flower- glows atop a cactus,  oblivious to spines  so sharp -  surrendered to   effortless  Joy.    -CB    #joy",,[],[],0,1,3,,['#joy'],https://twitter.com/Carlolight/status/1091457519933972481,,,0
1091456974145769472,1091456974145769472,1549058595000,2019-02-01,23:03:15,CET,1476760069,4d_krokk,Kelcie Ford,,"#dailydevotion #jesus #love #faitheverday #faithinit #joy #peace #faith  Romans 5:8 Amplified Bible (AMP) 8 But God clearly shows and proves His own love for us, by the fact that while we‚Ä¶  https://www.instagram.com/p/BtWvBkHAPTr/?utm_source=ig_twitter_share&igshid=1r1cqk8gx6vap¬†‚Ä¶",,['https://www.instagram.com/p/BtWvBkHAPTr/?utm_source=ig_twitter_share&igshid=1r1cqk8gx6vap'],[],0,0,0,,"['#dailydevotion', '#jesus', '#love', '#faitheverday', '#faithinit', '#joy', '#peace', '#faith']",https://twitter.com/4d_KroKK/status/1091456974145769472,,,0
1091456361613979649,1091456361613979649,1549058449000,2019-02-01,23:00:49,CET,18359336,karijoys,Kari Joys MS,,"Quiet the Ego, Soften the #Heart, Be #Kind! #JoyTrain #Joy #Love #Inspiration  RT @Voieinterieure pic.twitter.com/vWZJSraUJF",['voieinterieure'],[],['https://pbs.twimg.com/media/DDRhX3yXUAA5RZ5.jpg'],0,3,4,,"['#heart', '#kind', '#joytrain', '#joy', '#love', '#inspiration']",https://twitter.com/KariJoys/status/1091456361613979649,,,0
1091456149331824640,1091456149331824640,1549058398000,2019-02-01,22:59:58,CET,18359336,karijoys,Kari Joys MS,,RT @BethFratesMD   You have hidden #Powers!    #JoyTrain #Joy #Love #Kindness #FridayFeeling #FridayReads #FF #FridayMotivation #FridayMorning #FridayThoughts pic.twitter.com/iJeOt0ntvH,['bethfratesmd'],[],[],0,2,1,,"['#powers', '#joytrain', '#joy', '#love', '#kindness', '#fridayfeeling', '#fridayreads', '#ff', '#fridaymotivation', '#fridaymorning', '#fridaythoughts']",https://twitter.com/KariJoys/status/1091456149331824640,,,1
1091455423411077120,1091455423411077120,1549058225000,2019-02-01,22:57:05,CET,35604813,stephon_gabriel,C√∏deNam√´ Spaceman,,Work hard play hard!! Ten Years I man have been waiting... #kingdomhearts #kingdomhearts3 #ps4 #game #10Years #tears #joy  https://www.instagram.com/p/BtWuUfVAUeD/?utm_source=ig_twitter_share&igshid=12xtb175h22ur¬†‚Ä¶,,['https://www.instagram.com/p/BtWuUfVAUeD/?utm_source=ig_twitter_share&igshid=12xtb175h22ur'],[],0,0,0,,"['#kingdomhearts', '#kingdomhearts3', '#ps4', '#game', '#10years', '#tears', '#joy']",https://twitter.com/Stephon_Gabriel/status/1091455423411077120,,,0
1091454624240791552,1091454624240791552,1549058035000,2019-02-01,22:53:55,CET,1429491037,asldksdfs,Sharad Prasad,,Want to know the right quantity and quality of food for you body?  Follow the link   https://bit.ly/2T6gff7¬† #FoodieFriday #fridayfeeling #SadhguruInLA #Sadhguru #InnerEngineering #Meditation #Mindfulness #Wellbeing #Wellness #Yoga #BodyMindSpirit #MindBodySoul #Happiness #Joy  pic.twitter.com/te5z2YgzUe,,['https://bit.ly/2T6gff7'],['https://pbs.twimg.com/media/DyWgMYtV4AA-7Jm.jpg'],0,0,0,,"['#foodiefriday', '#fridayfeeling', '#sadhguruinla', '#sadhguru', '#innerengineering', '#meditation', '#mindfulness', '#wellbeing', '#wellness', '#yoga', '#bodymindspirit', '#mindbodysoul', '#happiness', '#joy']",https://twitter.com/asldksdfs/status/1091454624240791552,,,0
1091454216185544705,1091454216185544705,1549057938000,2019-02-01,22:52:18,CET,19786268,ronedebeauvoir,Ron√© de Beauvoir,,"What a great #joy it was to speak to, two of the most #powerful men in #Jordan and have them #listen so #attentively. For me this is a #blessing. Both men took #time from their day to #honor me, now I honor them. Thank you my brothers and my sister taking the photo Safaa Nseirat pic.twitter.com/Ca9xXrYXTU",,[],['https://pbs.twimg.com/media/DyWfyMrWkAM_dJt.jpg'],0,0,0,,"['#joy', '#powerful', '#jordan', '#listen', '#attentively', '#blessing', '#time', '#honor']",https://twitter.com/RonedeBeauvoir/status/1091454216185544705,,,0
1091453937083969542,1091453937083969542,1549057871000,2019-02-01,22:51:11,CET,1476760069,4d_krokk,Kelcie Ford,,"#jesus #dailydevotion #love #hustle #peace #joy #faith #faitheveryday  Harriet Beecher Stowe Women are the real architects of society.  ‚ÄúAn excellent woman [one who is spiritual, capable,‚Ä¶  https://www.instagram.com/p/BtWtpOzgFko/?utm_source=ig_twitter_share&igshid=1gao4hapeh9s4¬†‚Ä¶",,['https://www.instagram.com/p/BtWtpOzgFko/?utm_source=ig_twitter_share&igshid=1gao4hapeh9s4'],[],0,0,0,,"['#jesus', '#dailydevotion', '#love', '#hustle', '#peace', '#joy', '#faith', '#faitheveryday']",https://twitter.com/4d_KroKK/status/1091453937083969542,,,0
1091453860135063552,1091453860135063552,1549057853000,2019-02-01,22:50:53,CET,800600628032466944,reddy1410,Reddy14,,Want to know the right quantity and quality of food for you body?  Follow the link   https://bit.ly/2T6gff7¬† #FoodieFriday #fridayfeeling #SadhguruInLA #Sadhguru #InnerEngineering #Meditation #Mindfulness #Wellbeing #Wellness #Yoga #BodyMindSpirit #MindBodySoul #Happiness #Joy  pic.twitter.com/4SMf4BBaBJ,,['https://bit.ly/2T6gff7'],['https://pbs.twimg.com/media/DyWff4lVAAASWTM.jpg'],0,0,0,,"['#foodiefriday', '#fridayfeeling', '#sadhguruinla', '#sadhguru', '#innerengineering', '#meditation', '#mindfulness', '#wellbeing', '#wellness', '#yoga', '#bodymindspirit', '#mindbodysoul', '#happiness', '#joy']",https://twitter.com/Reddy1410/status/1091453860135063552,,,0
1091453840564543488,1091453840564543488,1549057848000,2019-02-01,22:50:48,CET,983044919236280325,ashishpulikkal,Ashish Pulikkal,,"Lil fella is enjoying the rain well.üôÇüôÇ #chipmunk #amazing #cute #love #animals #rainy #highspirits #fun #joy #photography @ Fremont, California  https://www.instagram.com/p/BtWtmV4FB2A/?utm_source=ig_twitter_share&igshid=1uh4gu5yt3a33¬†‚Ä¶",,['https://www.instagram.com/p/BtWtmV4FB2A/?utm_source=ig_twitter_share&igshid=1uh4gu5yt3a33'],[],0,0,0,,"['#chipmunk', '#amazing', '#cute', '#love', '#animals', '#rainy', '#highspirits', '#fun', '#joy', '#photography']",https://twitter.com/AshishPulikkal/status/1091453840564543488,,,0
1091453669437067264,1091453669437067264,1549057807000,2019-02-01,22:50:07,CET,337666850,brightnewvensa,Vesna,,‚ùÑÔ∏è (¬∏.‚Ä¢¬¥¬Ø)    üïäÔ∏è üíô‚Äøüíú Each of us is anArtist of O·òÆ‡™∞ Days; Be at #Peace Be in #Joy Be in #Love with #Life! YO·òÆ have no cause for anything butGRATITUDE & JOY AllYO·òÆ need is Love LOVE IS All YO·òÆ Need! üíúüíô #ShinelikeDayüôè #OpenYourHeart #BeHappy #PeaceAndLove #HappyNewMonth pic.twitter.com/XQAgyr2Wm1,,[],[],0,2,5,,"['#peace', '#joy', '#love', '#life', '#shinelikeday', '#openyourheart', '#behappy', '#peaceandlove', '#happynewmonth']",https://twitter.com/brightnewvensa/status/1091453669437067264,,,1
1091451809904971778,1091451809904971778,1549057364000,2019-02-01,22:42:44,CET,1084260749546082305,h2rmqe1nallrtgq,ŸÑŸäŸÜ,,PHOENIX MARIE HORNY WOMEN  #dirty #milf #blonde #teen #hot #taboo #xxx #porn #kinky #freaky #pussy #lesbian #blowjob #FinDom #paypig #nsfw #sex #beautiful #ass #tits #slut #happy #joy #babes #panties #adult #gorgeous #teens #sexy #orgy #milf  http://wolrdpronew.pro/ee/img/6.html¬†,,['http://wolrdpronew.pro/ee/img/6.html'],[],0,1,2,,"['#dirty', '#milf', '#blonde', '#teen', '#hot', '#taboo', '#xxx', '#porn', '#kinky', '#freaky', '#pussy', '#lesbian', '#blowjob', '#findom', '#paypig', '#nsfw', '#sex', '#beautiful', '#ass', '#tits', '#slut', '#happy', '#joy', '#babes', '#panties', '#adult', '#gorgeous', '#teens', '#sexy', '#orgy', '#milf']",https://twitter.com/H2rmqe1nAlLrTGq/status/1091451809904971778,,,0
1091451404055646209,1091451404055646209,1549057267000,2019-02-01,22:41:07,CET,46480889,joyburgerbar,Joy BURGER BAR,,‚è≤Ô∏è The WEEKEND's ON! ‚ùÑÔ∏è It's #HappyHour at Joy Burger Bar on 100th & Lex off the üíöüíõ 6 & Q lines üíöüíõ üåü 4-8pm üåü 2 for 1 #wine & #beer üåü #burgers üçî #fries üçü #joy üåû #joyburgerbar üåá #EastHarlem #UES #elbarrioüç∫üç∑ pic.twitter.com/zZnkjnD4KC,,[],['https://pbs.twimg.com/media/DvIUR5MX4AUIfQ_.jpg'],0,0,0,,"['#happyhour', '#wine', '#beer', '#burgers', '#fries', '#joy', '#joyburgerbar', '#eastharlem', '#ues', '#elbarrio']",https://twitter.com/joyburgerbar/status/1091451404055646209,,,0
1091451176191754241,1091451176191754241,1549057213000,2019-02-01,22:40:13,CET,18359336,karijoys,Kari Joys MS,,RT @hepatitisihelpc #Love with the pure #Heart of a child!  #JoyTrain #Joy #Love #Kindness #FridayFeeling #FridayReads #FF #FridayMotivation #FridayMorning #FridayThoughts pic.twitter.com/go2GPV4vWH,['hepatitisihelpc'],[],['https://pbs.twimg.com/media/DyWJGWnV4AADJNr.jpg'],0,2,3,,"['#love', '#heart', '#joytrain', '#joy', '#love', '#kindness', '#fridayfeeling', '#fridayreads', '#ff', '#fridaymotivation', '#fridaymorning', '#fridaythoughts']",https://twitter.com/KariJoys/status/1091451176191754241,,,0
1091451037511233537,1091451037511233537,1549057180000,2019-02-01,22:39:40,CET,46480889,joyburgerbar,Joy BURGER BAR,,‚ùÑÔ∏èBeat the brr! Spice it up with our Chicken #Schnitzel on a wrap! ‚ùÑÔ∏è@joyburgerbar on 100th & Lex üåû #EastHarlem #UES #elbarrio üåá #burgers üçî #fries üçü #joy üåû  pic.twitter.com/Ao2AfVCi3c,['joyburgerbar'],[],['https://pbs.twimg.com/media/DyWc7yZX4AEsM4M.jpg'],0,0,1,,"['#schnitzel', '#eastharlem', '#ues', '#elbarrio', '#burgers', '#fries', '#joy']",https://twitter.com/joyburgerbar/status/1091451037511233537,,,0
1091450659310690304,1091450659310690304,1549057090000,2019-02-01,22:38:10,CET,1088505029798055937,mmmanifesters,miraclemindedmanifesters,,Just be #loa #manifester #eckharttolle #joy #breathe  https://www.instagram.com/p/BtWsJ9AAPZt/?utm_source=ig_twitter_share&igshid=1ttisbvaqszxe¬†‚Ä¶,,['https://www.instagram.com/p/BtWsJ9AAPZt/?utm_source=ig_twitter_share&igshid=1ttisbvaqszxe'],[],0,0,0,,"['#loa', '#manifester', '#eckharttolle', '#joy', '#breathe']",https://twitter.com/mmmanifesters/status/1091450659310690304,,,0
1091449124442976257,1091449124442976257,1549056724000,2019-02-01,22:32:04,CET,3128660004,gailserna1,Gail Serna Intuitive Reader,,CLASS FORMING Intuition for Daily Living 101 ONLINE CLASSROOM   https://gailserna.com/class-develop-your-intuition-101/¬†‚Ä¶ #WomenSupportingWomen #online #intuition #psychic #psychicreadings #FridayMotivation #womaninbiz ##FridayFeeling #energy #Healing #reiki #wellness #JOY  pic.twitter.com/dXmNOM8qYI,,['https://gailserna.com/class-develop-your-intuition-101/'],['https://pbs.twimg.com/media/DyWagSnUwAAb4eQ.jpg'],0,0,0,,"['#womensupportingwomen', '#online', '#intuition', '#psychic', '#psychicreadings', '#fridaymotivation', '#womaninbiz', '#fridayfeeling', '#energy', '#healing', '#reiki', '#wellness', '#joy']",https://twitter.com/GailSerna1/status/1091449124442976257,,,0
1091448728387375104,1091448728387375104,1549056629000,2019-02-01,22:30:29,CET,444386987,pattykogutek,Patty Kogutek Ed.D.,,Choose to look for the good in every situation. #inspiration #positive #joy  pic.twitter.com/IyHNLAFG2I,,[],['https://pbs.twimg.com/media/DyWa1SbVsAAkBfA.jpg'],0,0,0,,"['#inspiration', '#positive', '#joy']",https://twitter.com/pattykogutek/status/1091448728387375104,,,0
1091448689850306560,1091448689850306560,1549056620000,2019-02-01,22:30:20,CET,975331050334322688,mysweetdocs,Anticipate Joy,,"2019 is the year of positivity. Make sure to surround yourself with people who can encourage you, challenge you to be better, and lift you up when times get tough. . . #joy #health #mindfulness #selfcare #wellness #anxiety #depression #recovery #mentalhealthawareness #love pic.twitter.com/E0ttArgFCv",,[],['https://pbs.twimg.com/media/DyWV_pPX0AE5aY9.jpg'],0,0,0,,"['#joy', '#health', '#mindfulness', '#selfcare', '#wellness', '#anxiety', '#depression', '#recovery', '#mentalhealthawareness', '#love']",https://twitter.com/mysweetdocs/status/1091448689850306560,,,0
1091448682896068613,1091448682896068613,1549056618000,2019-02-01,22:30:18,CET,410399069,katiemettner,Katie Mettner,,"""Trusting Trey is filled with #joy, heartbreak, hope, pain, #love, & desire.""  http://myBook.to/TrustingTrey¬† #Kindleunlimited #Wheelchair #College #Duluth #romancenovels #RomanceReaders pic.twitter.com/LRjDi5Imjh",,['http://myBook.to/TrustingTrey'],['https://pbs.twimg.com/media/DyWayphWkAA6OJX.jpg'],0,0,0,,"['#joy', '#love', '#kindleunlimited', '#wheelchair', '#college', '#duluth', '#romancenovels', '#romancereaders']",https://twitter.com/KatieMettner/status/1091448682896068613,,,0
1091448665640714245,1091448665640714245,1549056614000,2019-02-01,22:30:14,CET,18359336,karijoys,Kari Joys MS,,Only from the #Heart can you touch the sky! #Rumi #JoyTrain #Joy #Love    RT @BuddhaDoodles pic.twitter.com/r7Bvi7qt3W,['buddhadoodles'],[],['https://pbs.twimg.com/media/C58iOrKUYAA_YSU.jpg'],1,3,7,,"['#heart', '#rumi', '#joytrain', '#joy', '#love']",https://twitter.com/KariJoys/status/1091448665640714245,,,0
1091448106493796352,1091448106493796352,1549056481000,2019-02-01,22:28:01,CET,910684650346995712,kim91percent,ÎåÄÎ¶¨Ï∞çÏÇ¨ - ÍπÄÏú§ÏßÄ,,190207 Red Velvet RED MARE in Los Angeles  Paypal ONLY. Center Seat Ticket ‚ú® Canon 80D 100-400mm lens DM ($150 USD EA MEMBER) 3 Members ONLY.  #ÎåÄÎ¶¨Ï∞çÏÇ¨ #Îç∞Ïù¥ÌÑ∞ #Î†àÎìúÎ≤®Î≤≥‚Å† ‚Å† #REDMAREinLA #RV #YERI #IRENE #JOY #WENDY #SEULGI #Î†àÎìúÎ≤®Î≤≥Îç∞Ïù¥ÌÑ∞ #ÏïÑÏù¥Î¶∞ #Ïä¨Í∏∞ #Ïõ¨Îîî #Ï°∞Ïù¥ #ÏòàÎ¶¨ pic.twitter.com/jfajnPSfMR,,[],"['https://pbs.twimg.com/media/DyWaQ5jUwAAn4Z4.jpg', 'https://pbs.twimg.com/media/DyWaQ5kUUAAbTMY.jpg']",0,0,0,,"['#ÎåÄÎ¶¨Ï∞çÏÇ¨', '#Îç∞Ïù¥ÌÑ∞', '#Î†àÎìúÎ≤®Î≤≥', '#redmareinla', '#rv', '#yeri', '#irene', '#joy', '#wendy', '#seulgi', '#Î†àÎìúÎ≤®Î≤≥Îç∞Ïù¥ÌÑ∞', '#ÏïÑÏù¥Î¶∞', '#Ïä¨Í∏∞', '#Ïõ¨Îîî', '#Ï°∞Ïù¥', '#ÏòàÎ¶¨']",https://twitter.com/KIM91PERCENT/status/1091448106493796352,,,0
1091447858014900225,1091447858014900225,1549056422000,2019-02-01,22:27:02,CET,371077529,bicurean,bicurean,,"Maude: You see, Harold, I feel that much of the world‚Äôs sorrow comes from people who are *this* [points to a daisy],¬†¬†yet allow themselves be treated as *that*¬†[gestures to a field of daisies]. ~Harold & Maude #movie #quotes #acceptance #selfexpression #sorrow #joy #bicurean pic.twitter.com/JCid6XsFBL",,[],['https://pbs.twimg.com/media/DyWaCsjW0AULaPk.jpg'],0,1,0,,"['#movie', '#quotes', '#acceptance', '#selfexpression', '#sorrow', '#joy', '#bicurean']",https://twitter.com/bicurean/status/1091447858014900225,,,0
1091447696530001920,1091447696530001920,1549056383000,2019-02-01,22:26:23,CET,2321286488,carried2fulltrm,Carried To Full Term,,Babies do not shy away from celebrating their achievements. There‚Äôs so much we can learn from them. It absolutely warms our heart to see these little ones thrive.  #sanctityoflife #babies #celebrate #joy...  https://www.facebook.com/CarriedToFullTerm/videos/363461207575431/¬†‚Ä¶,,['https://www.facebook.com/CarriedToFullTerm/videos/363461207575431/'],[],0,0,0,,"['#sanctityoflife', '#babies', '#celebrate', '#joy']",https://twitter.com/carried2fulltrm/status/1091447696530001920,,,0
1091447389968322560,1091447389968322560,1549056310000,2019-02-01,22:25:10,CET,1065656102619160576,seaofawareness,Dr. Niranjan Seshadri,,Joy and Sorrow. #joy #sorrow #mind #mindfulness #mindbodysoul #awareness #bliss #awakening #meditation #peace #poems #poetrycommunity #poetry #writerscommunity #writersofinstagram‚Ä¶  https://www.instagram.com/p/BtWqquXl7bN/?utm_source=ig_twitter_share&igshid=1rkbsbc8r3ecf¬†‚Ä¶,,['https://www.instagram.com/p/BtWqquXl7bN/?utm_source=ig_twitter_share&igshid=1rkbsbc8r3ecf'],[],0,1,0,,"['#joy', '#sorrow', '#mind', '#mindfulness', '#mindbodysoul', '#awareness', '#bliss', '#awakening', '#meditation', '#peace', '#poems', '#poetrycommunity', '#poetry', '#writerscommunity', '#writersofinstagram']",https://twitter.com/seaofawareness/status/1091447389968322560,,,0
1091446467087265792,1091446467087265792,1549056090000,2019-02-01,22:21:30,CET,1088030191803383808,officialqitiwa,Qitiwa,,And my heart smiled as much... Love is a beautiful thing to behold  #traditionalwedding#weddingguest #loveYou #love #elegant #jesusfreak #joy #happy #healthyfood #healing #yahweh #Youarebeautifultome #OakyPee #Fulfilment #restoration #thankYouJesus #African pic.twitter.com/72Hps2s5pS,,[],['https://pbs.twimg.com/media/DyWYvlBWwAE5ILt.jpg'],0,0,1,,"['#loveyou', '#love', '#elegant', '#jesusfreak', '#joy', '#happy', '#healthyfood', '#healing', '#yahweh', '#youarebeautifultome', '#oakypee', '#fulfilment', '#restoration', '#thankyoujesus', '#african']",https://twitter.com/OfficialQitiwa/status/1091446467087265792,,,0
1091446462481907717,1091446462481907717,1549056089000,2019-02-01,22:21:29,CET,4151648368,aabsofsteel,Aabye-Gayle F.,,‚ÄúHappiness is like those palaces in fairy tales whose gates are guarded by dragons: we must fight in order to conquer it.‚Äù ~Alexandre Dumas #FridayThoughts #FridayFeeling #Happiness #HappinessMatters #joy #persistence #nevergiveup #feelings #emotions #quote #quotestoliveby,,[],[],0,0,0,,"['#fridaythoughts', '#fridayfeeling', '#happiness', '#happinessmatters', '#joy', '#persistence', '#nevergiveup', '#feelings', '#emotions', '#quote', '#quotestoliveby']",https://twitter.com/Aabsofsteel/status/1091446462481907717,,,0
1091446404650881025,1091446404650881025,1549056075000,2019-02-01,22:21:15,CET,17566596,toddschnick,Todd Schnick,,I find it quite amusing that @SenWarren's Cherokee Nation apology is stepping all over @CoryBooker's announcement. #2020 #JOY #SpitsUpCoffee,"['senwarren', 'corybooker']",[],[],0,0,0,,"['#joy', '#spitsupcoffee']",https://twitter.com/toddschnick/status/1091446404650881025,,,0
1091446083463479297,1091446083463479297,1549055999000,2019-02-01,22:19:59,CET,1087506798339182592,sistergwenn,NoviceSisterGwennNDowtte,,Oy Veil!  Nuns Telling Jewish Jokes!  With @Bianca_Tempt #sdsisters #spi #sistersofperpetualindulgence #jewishnun #joy #oyvey #oyveil pic.twitter.com/duofown40I,['bianca_tempt'],[],[],0,1,1,,"['#sdsisters', '#spi', '#sistersofperpetualindulgence', '#jewishnun', '#joy', '#oyvey', '#oyveil']",https://twitter.com/SisterGwenn/status/1091446083463479297,,,1
1091445903179829249,1091445903179829249,1549055956000,2019-02-01,22:19:16,CET,912048387524038656,theway__tv,TheWay_TV,,#KingdomHearts3 Part 5 Today!  https://www.twitch.tv/theway_tv¬† @SquareEnix @Disney #RPG #classicgames #SupportSmallStreamers #VarietyStreamers #positivity #familyfriendly #ChristianStreamers #Love #Joy #Jesus #rpg #jrpg #Disney #KingdomHeartsIII,"['squareenix', 'disney']",['https://www.twitch.tv/theway_tv'],[],0,0,2,,"['#kingdomhearts3', '#rpg', '#classicgames', '#supportsmallstreamers', '#varietystreamers', '#positivity', '#familyfriendly', '#christianstreamers', '#love', '#joy', '#jesus', '#rpg', '#jrpg', '#disney', '#kingdomheartsiii']",https://twitter.com/TheWay__TV/status/1091445903179829249,,,0
1091445834871271425,1091445834871271425,1549055939000,2019-02-01,22:18:59,CET,33583448,nadinewilliams,Nadine Williams,,"although the day staarted with a glitch involving a tow truck and a ditch, by the time I got half way through I had a #Principal crying tears of #joy at how moving my #presentation was and‚Ä¶  https://www.instagram.com/p/BtWp9X0g1wU/?utm_source=ig_twitter_share&igshid=iw7j3d2hehlm¬†‚Ä¶",,['https://www.instagram.com/p/BtWp9X0g1wU/?utm_source=ig_twitter_share&igshid=iw7j3d2hehlm'],[],0,0,0,,"['#principal', '#joy', '#presentation']",https://twitter.com/nadinewilliams/status/1091445834871271425,,,0
1091445056853037056,1091445056853037056,1549055754000,2019-02-01,22:15:54,CET,403850873,connormuhl,Connor Muhl,,Have a great weekend!  Photo credit: Diana Sell #beyourself #weekend #2019 #doit #actor #actorslifeüé¨ #work #photoshoot #film #cinema #tv #television #grateful #appreciation #indie #model #fun #friends #support #teamwork #joy #travel #makeithappen #dianasellphotography pic.twitter.com/CLpCCHJKK5,,[],['https://pbs.twimg.com/media/DyWXfgqU0AA1t0q.jpg'],0,0,2,,"['#beyourself', '#weekend', '#doit', '#actor', '#actorslife', '#work', '#photoshoot', '#film', '#cinema', '#tv', '#television', '#grateful', '#appreciation', '#indie', '#model', '#fun', '#friends', '#support', '#teamwork', '#joy', '#travel', '#makeithappen', '#dianasellphotography']",https://twitter.com/ConnorMuhl/status/1091445056853037056,,,0
1091444384162144256,1091444384162144256,1549055593000,2019-02-01,22:13:13,CET,2805950779,maryurinsp,Maryurin Santander,,"Thank you @rihanna  ""This is Rihanna"" playlist in the recommendation of #Spotify has brought #joy back to this body! I was in such a #sadmood but not anymore :)",['rihanna'],[],[],0,0,0,,"['#spotify', '#joy', '#sadmood']",https://twitter.com/MaryurinSP/status/1091444384162144256,,,0
1091443217914970113,1091443217914970113,1549055315000,2019-02-01,22:08:35,CET,614444307,petconrv,C R Ritchie,,"Challenge - Let‚Äôs post one message of gratitude each day for this month, February 2019.  Today I am grateful for a community of people who spread joy and love   Tag  @healthlightlove-gratitudechallenge #gratitude #love #joy #blessings @healthlightlove pic.twitter.com/uyZE5T86qS",,[],['https://pbs.twimg.com/media/DyWVzcAUwAAAg8H.jpg'],0,1,1,,"['#gratitude', '#love', '#joy', '#blessings']",https://twitter.com/petconrv/status/1091443217914970113,,,0
1091442730901811200,1091442730901811200,1549055199000,2019-02-01,22:06:39,CET,1087506798339182592,sistergwenn,NoviceSisterGwennNDowtte,,Oy Veil!  Nuns Telling Jewish Jokes!  With @Bianca_Tempt #sdsisters #spi #sistersofperpetualindulgence #jewishnun #joy #oyvey #oyveil,['bianca_tempt'],[],[],1,0,2,,"['#sdsisters', '#spi', '#sistersofperpetualindulgence', '#jewishnun', '#joy', '#oyvey', '#oyveil']",https://twitter.com/SisterGwenn/status/1091442730901811200,,,0
1091442377015943175,1091442377015943175,1549055115000,2019-02-01,22:05:15,CET,1088791036359520256,farooqahmedyou1,Farooq Ahmed Yousafzai,,You Must Know That #acmpr #marijuana #canadacannabis #legal #joy #HappyThanksgiving,,[],[],0,0,1,,"['#acmpr', '#marijuana', '#canadacannabis', '#legal', '#joy', '#happythanksgiving']",https://twitter.com/FarooqAhmedYou1/status/1091442377015943175,,,0
1091442244639514624,1091442244639514624,1549055083000,2019-02-01,22:04:43,CET,1089597659923562496,lucyx76060732,Lucy X,,It is incubated in its bazaar and played in it  #adult #gorgeous #teens #y #orgy #milf #ŸÖŸàŸÑÿπŸá #ŸÖÿ¥ÿ™ŸáŸäÿ© #ÿ≤ÿ® #ŸÜŸäŸÉ #ÿ≥ŸÉÿ≥ #ÿßÿ∫ÿ™ÿµÿßÿ® #ŸÉÿ≥ #ŸÖÿ≠ŸÜŸá #ÿ≥ŸÉÿ≥_ŸÅŸàŸÜ #ÿ≥ÿßÿØŸä #ŸÅÿ≠ŸÑ #ŸÖÿ®ÿßÿØŸÑ #ŸÖÿ≠ÿßÿ±ŸÖ #ŸÖŸàÿ¨ÿ® #ass #tits #slut #happy #joy #babes #panties http://zeko.likesyou.org/13.html¬†,,['http://zeko.likesyou.org/13.html'],[],0,0,0,,"['#adult', '#gorgeous', '#teens', '#y', '#orgy', '#milf', '#ŸÖŸàŸÑÿπŸá', '#ŸÖÿ¥ÿ™ŸáŸäÿ©', '#ÿ≤ÿ®', '#ŸÜŸäŸÉ', '#ÿ≥ŸÉÿ≥', '#ÿßÿ∫ÿ™ÿµÿßÿ®', '#ŸÉÿ≥', '#ŸÖÿ≠ŸÜŸá', '#ÿ≥ŸÉÿ≥_ŸÅŸàŸÜ', '#ÿ≥ÿßÿØŸä', '#ŸÅÿ≠ŸÑ', '#ŸÖÿ®ÿßÿØŸÑ', '#ŸÖÿ≠ÿßÿ±ŸÖ', '#ŸÖŸàÿ¨ÿ®', '#ass', '#tits', '#slut', '#happy', '#joy', '#babes', '#panties']",https://twitter.com/LucyX76060732/status/1091442244639514624,,,0
1091442024107204608,1091442024107204608,1549055031000,2019-02-01,22:03:51,CET,4703219657,s_ssssshahad1,ÿ¥ŸáÿØ,,PHOENIX MARIE HORNY WOMEN  #dirty #milf #blonde #teen #hot #taboo #xxx #porn #kinky #freaky #pussy #lesbian #blowjob #FinDom #paypig #nsfw #sex #beautiful #ass #tits #slut #happy #joy #babes #panties #adult #gorgeous #teens #sexy #orgy #milf http://wolrdpronew.pro/ee/img/6.html¬†,,['http://wolrdpronew.pro/ee/img/6.html'],[],0,0,0,,"['#dirty', '#milf', '#blonde', '#teen', '#hot', '#taboo', '#xxx', '#porn', '#kinky', '#freaky', '#pussy', '#lesbian', '#blowjob', '#findom', '#paypig', '#nsfw', '#sex', '#beautiful', '#ass', '#tits', '#slut', '#happy', '#joy', '#babes', '#panties', '#adult', '#gorgeous', '#teens', '#sexy', '#orgy', '#milf']",https://twitter.com/s_ssssshahad1/status/1091442024107204608,,,0
1091441546665345025,1091441546665345025,1549054917000,2019-02-01,22:01:57,CET,2478918841,artisplicer,Harriet Mears,,"Today I got to watch @chillzaa doing some negative stain electron microscopy of 40S ribosomes purified by @tomgoneviral. Summary: electron microscopes are awesome, ribosomes are awesome, my job is awesome (even though I didn't actually do anything) #joy  pic.twitter.com/igEHhFF48Y","['chillzaa', 'tomgoneviral']",[],['https://pbs.twimg.com/media/DyWUSc7X0AEIdsD.jpg'],0,0,7,,['#joy'],https://twitter.com/Artisplicer/status/1091441546665345025,,,0
1091441387680206849,1091441387680206849,1549054879000,2019-02-01,22:01:19,CET,18359336,karijoys,Kari Joys MS,,"The ultimate #Truth is simply ""I AM!"" #JoyTrain #Joy #Love #Mindfullness RT @MeddyTeddyLA pic.twitter.com/Gak2yWdmHI",['meddyteddyla'],[],['https://pbs.twimg.com/media/DGRsuKFUQAAoK9P.jpg'],1,3,8,,"['#truth', '#joytrain', '#joy', '#love', '#mindfullness']",https://twitter.com/KariJoys/status/1091441387680206849,,,0
1091441243350028290,1091441243350028290,1549054845000,2019-02-01,22:00:45,CET,750841768485138434,naomi2inspire,Naomi Sodomin,,What Do You Do When Things Are Not Going According To Plan?  http://bit.ly/2V6NIYz¬† #entrepreneur #entrepreneurship #mompreneur #motherhood #embracethemirror #freedom #joy #abundance #business #success #inspire #motivate #life,,['http://bit.ly/2V6NIYz'],[],0,0,0,,"['#entrepreneur', '#entrepreneurship', '#mompreneur', '#motherhood', '#embracethemirror', '#freedom', '#joy', '#abundance', '#business', '#success', '#inspire', '#motivate', '#life']",https://twitter.com/Naomi2Inspire/status/1091441243350028290,,,0
1091440929993564160,1091440929993564160,1549054770000,2019-02-01,21:59:30,CET,1264191512,meeptraining,MEE Active,,I will never get tired of this üëå #home #goldcoast #beach #ocean #joy #happyplace #australia #queensland @ MEE Active Mind-Body-Life  https://www.instagram.com/p/BtWnuywARlu/?utm_source=ig_twitter_share&igshid=ale7ge4t5en7¬†‚Ä¶,,['https://www.instagram.com/p/BtWnuywARlu/?utm_source=ig_twitter_share&igshid=ale7ge4t5en7'],[],0,0,0,,"['#home', '#goldcoast', '#beach', '#ocean', '#joy', '#happyplace', '#australia', '#queensland']",https://twitter.com/MeePTraining/status/1091440929993564160,,,0
1091439226070085632,1091439226070085632,1549054364000,2019-02-01,21:52:44,CET,1596678966,thecrowdview,thecrowdview,,MRT @KariJoys #mindfulness Spread wherever u go! #JoyTrain #Joy #Love #Peace #BeKind #BeLove RT @vivival1 pic.twitter.com/ppjA7jXtkf,"['karijoys', 'vivival1']",[],['https://pbs.twimg.com/media/DLdWUjxWsAADfsn.jpg'],0,1,0,,"['#mindfulness', '#joytrain', '#joy', '#love', '#peace', '#bekind', '#belove']",https://twitter.com/thecrowdview/status/1091439226070085632,,,0
1091439177693102081,1091439177693102081,1549054352000,2019-02-01,21:52:32,CET,160795913,gemgirlwv,The Orange Sprout,,Rowena just hopping along!üòçüòç #englishbulldog #bulldog #lovemybully #bulldogsofinstagram #bully #bulldoglife #bullylove #babygirl #mylife #living #joy #love #family #spritesbullies #rowena‚Ä¶  https://www.instagram.com/p/BtWm7qYHVcK/?utm_source=ig_twitter_share&igshid=13fyg1koekda0¬†‚Ä¶,,['https://www.instagram.com/p/BtWm7qYHVcK/?utm_source=ig_twitter_share&igshid=13fyg1koekda0'],[],0,0,0,,"['#englishbulldog', '#bulldog', '#lovemybully', '#bulldogsofinstagram', '#bully', '#bulldoglife', '#bullylove', '#babygirl', '#mylife', '#living', '#joy', '#love', '#family', '#spritesbullies', '#rowena']",https://twitter.com/Gemgirlwv/status/1091439177693102081,,,0
1091438825283432450,1091438825283432450,1549054268000,2019-02-01,21:51:08,CET,30263419,thedoctorsjenny,Jenny,,"Mmm üíï‚ù§Ô∏è Parm/Garlic crusted üçó and my fave stuffing... #chicken #stuffing #stovetop #shakeandbake #lunch #brunch #joy #foodporn @ Marion, Iowa  https://www.instagram.com/p/BtWmxiPniNX/?utm_source=ig_twitter_share&igshid=189k3lc9q53x7¬†‚Ä¶",,['https://www.instagram.com/p/BtWmxiPniNX/?utm_source=ig_twitter_share&igshid=189k3lc9q53x7'],[],0,0,0,,"['#chicken', '#stuffing', '#stovetop', '#shakeandbake', '#lunch', '#brunch', '#joy', '#foodporn']",https://twitter.com/thedoctorsjenny/status/1091438825283432450,,,0
1091438553987395585,1091438553987395585,1549054203000,2019-02-01,21:50:03,CET,1054851356710854656,senioritygolden,SeniorityGolden,,"At #senioritygolden, our programs bring new #friendships and compatible #companions for all our #members. We make the #Goldenyears a #joy for life everyday.  Poppa Jack Click to Join us  https://bit.ly/2FV8zJO¬†",,['https://bit.ly/2FV8zJO'],[],0,0,0,,"['#senioritygolden', '#friendships', '#companions', '#members', '#goldenyears', '#joy']",https://twitter.com/senioritygolden/status/1091438553987395585,,,0
1091438298894094337,1091438298894094337,1549054143000,2019-02-01,21:49:03,CET,3237286510,estherscall3,Esther's Call,,Do do not allow anyone or any situation to poison your joy.  #riseabove with a song of praise to God our Savior and King.  He will restore your #JOY and #Peace,,[],[],0,0,0,,"['#riseabove', '#joy', '#peace']",https://twitter.com/Estherscall3/status/1091438298894094337,,,0
1091438226764689414,1091438226764689414,1549054125000,2019-02-01,21:48:45,CET,525755967,footprintsinbtr,Dilpreet Kaur Walia,,‚ú®üòçüì¶ Came home to this box of #joy and a cute digital drawing of #minyoongi by the marvellous mkw_creations üòçüíñ‚ú® . . . . . . #fridayjoy #bts #suga #digitaldrawing #bird #birds #rspb #40years‚Ä¶  https://www.instagram.com/p/BtWmgA0FXcX/?utm_source=ig_twitter_share&igshid=yv7saa2ehsnr¬†‚Ä¶,,['https://www.instagram.com/p/BtWmgA0FXcX/?utm_source=ig_twitter_share&igshid=yv7saa2ehsnr'],[],0,1,0,,"['#joy', '#minyoongi', '#fridayjoy', '#bts', '#suga', '#digitaldrawing', '#bird', '#birds', '#rspb', '#40years']",https://twitter.com/FootprintsInBtr/status/1091438226764689414,,,0
1091437730284728320,1091437730284728320,1549054007000,2019-02-01,21:46:47,CET,1085933508839624704,daddylonglog,daddylonglog,,#BlackHistoryMonth Owning slaves is the best part of black history month. This month I give them 2 grains of rice instead of 1!  #joy #happiness #kindness,,[],[],0,0,0,,"['#blackhistorymonth', '#joy', '#happiness', '#kindness']",https://twitter.com/daddylonglog/status/1091437730284728320,,,0
1091437347831513089,1091437347831513089,1549053916000,2019-02-01,21:45:16,CET,375825826,federeiv,Federica Ravasio,,Find the dog! #Joy  pic.twitter.com/enpFCVlF63,,[],['https://pbs.twimg.com/media/DyWQbSlXQAA4aJA.jpg'],0,0,0,,['#joy'],https://twitter.com/federeiv/status/1091437347831513089,,,0
1091437170785538048,1091437170785538048,1549053874000,2019-02-01,21:44:34,CET,25342594,karinoxtoby,Karin Oxtoby,,"My #work #water #waterbottles #spark #joy #sparkjoy - anytime #pink makes your eyes bleed, it makes me #happy @ Dallas, Texas  https://www.instagram.com/p/BtWmBfRHTGG/?utm_source=ig_twitter_share&igshid=r5zdgjd7vldl¬†‚Ä¶",,['https://www.instagram.com/p/BtWmBfRHTGG/?utm_source=ig_twitter_share&igshid=r5zdgjd7vldl'],[],0,0,0,,"['#work', '#water', '#waterbottles', '#spark', '#joy', '#sparkjoy', '#pink', '#happy']",https://twitter.com/karinoxtoby/status/1091437170785538048,,,0
1091437031429935104,1091437031429935104,1549053840000,2019-02-01,21:44:00,CET,987580881404661761,marthadacosme,Martha Da Cosme,,#HappyNewMonth  This is an #Opportunity for a #FreshStart or #NewBeginning #February is my #Best #Month because its my #BirthdayMonth . . . . .  #Love #Friendship #Friends #Family #Happiness #Peace #Joy #Inspiration #Motivation #Positivity #PositiveVibe‚Ä¶  http://bit.ly/2D0C2y3¬† pic.twitter.com/tqV2RXQtbr,,['http://bit.ly/2D0C2y3'],['https://pbs.twimg.com/media/DyWQMkgWoAANqyM.jpg'],0,0,1,,"['#happynewmonth', '#opportunity', '#freshstart', '#newbeginning', '#february', '#best', '#month', '#birthdaymonth', '#love', '#friendship', '#friends', '#family', '#happiness', '#peace', '#joy', '#inspiration', '#motivation', '#positivity', '#positivevibe']",https://twitter.com/MarthaDaCosme/status/1091437031429935104,,,0
1091436053918044160,1091436053918044160,1549053607000,2019-02-01,21:40:07,CET,127613944,ziondood,Zion Grassl,,Nothing beats sitting back and watching your effects take forever and to render out! üòÖ #editing #video #joy,,[],[],0,0,0,,"['#editing', '#video', '#joy']",https://twitter.com/ZionDood/status/1091436053918044160,,,0
1091435922560675840,1091435922560675840,1549053576000,2019-02-01,21:39:36,CET,3352104793,anthsoundstrue,A.Dalessandro,,We enter the mysteries through the sphere of the mind but only so we can worship at the shrine in the heart @JackKornfield @audible_com #love #joy #Peaceful @YogaToday pic.twitter.com/VpOdF9IVnm,"['jackkornfield', 'audible_com', 'yogatoday']",[],['https://pbs.twimg.com/media/DyWO2HiUcAAT6nZ.jpg'],0,1,2,,"['#love', '#joy', '#peaceful']",https://twitter.com/anthsoundstrue/status/1091435922560675840,,,0
1091435095574175745,1091435095574175745,1549053379000,2019-02-01,21:36:19,CET,811967375843139584,tpohappiness,Pursuit of Happiness,,Harness the Power of Positive Thinking -  http://go.tpoh.me/kx559¬† - #TPOHappiness #TPOH #happy #joy #positivy #positivethinking #makeithappy pic.twitter.com/xTM3kYeOmx,,['http://go.tpoh.me/kx559'],['https://pbs.twimg.com/media/DyWObyzWoAEoGgs.jpg'],0,0,0,,"['#tpohappiness', '#tpoh', '#happy', '#joy', '#positivy', '#positivethinking', '#makeithappy']",https://twitter.com/TPOHappiness/status/1091435095574175745,,,0
